SampleID,BarcodeSequence,Library,Direction,LibraryName,ProjectName,Country,City,seq_mode,16S_region,primers,primer_forward,primer_reverse,Layer_broiler,Chick_id,Faeces_digesta,Barcode_number,Unique,Pen,Order,Description,Age,Origin,Sex,Diet,Diet_Description
H1K1D4,AACCAGAA,1,P,"NG-16004_2018_0013_lib256392_5938_8_1.fastq.gz, NG-16004_2018_0013_lib256392_5938_8_2.fastq.gz",EndLESS,Netherlands,Lelystad,Illumina_sequencing,V5_V6,F784 - R1064,[AG]GGATTAGATACCC,CGAC[AG][AG]CCATGCA[ACGT]CACCT,broiler,11301,Faeces,1,yes,pen_1,1,H1K1D4,04_days,Faeces,m,Low_fermentative,Low_fermentativeH1K1D4
H1K2D4,AACCATGC,1,P,"NG-16004_2018_0013_lib256392_5938_8_1.fastq.gz, NG-16004_2018_0013_lib256392_5938_8_2.fastq.gz",EndLESS,Netherlands,Lelystad,Illumina_sequencing,V5_V6,F784 - R1064,[AG]GGATTAGATACCC,CGAC[AG][AG]CCATGCA[ACGT]CACCT,broiler,11302,Faeces,2,yes,pen_1,2,H1K2D4,04_days,Faeces,v,Low_fermentative,Low_fermentativeH1K2D4
H2K1D4,AACGGCGC,1,P,"NG-16004_2018_0013_lib256392_5938_8_1.fastq.gz, NG-16004_2018_0013_lib256392_5938_8_2.fastq.gz",EndLESS,Netherlands,Lelystad,Illumina_sequencing,V5_V6,F784 - R1064,[AG]GGATTAGATACCC,CGAC[AG][AG]CCATGCA[ACGT]CACCT,broiler,11303,Faeces,3,yes,pen_2,3,H2K1D4,04_days,Faeces,m,Low_fermentative,Low_fermentativeH2K1D4
H2K2D4,AAGGAGCG,1,P,"NG-16004_2018_0013_lib256392_5938_8_1.fastq.gz, NG-16004_2018_0013_lib256392_5938_8_2.fastq.gz",EndLESS,Netherlands,Lelystad,Illumina_sequencing,V5_V6,F784 - R1064,[AG]GGATTAGATACCC,CGAC[AG][AG]CCATGCA[ACGT]CACCT,broiler,11304,Faeces,4,yes,pen_2,4,H2K2D4,04_days,Faeces,v,Low_fermentative,Low_fermentativeH2K2D4
H3K1D4,ACCAATTA,1,P,"NG-16004_2018_0013_lib256392_5938_8_1.fastq.gz, NG-16004_2018_0013_lib256392_5938_8_2.fastq.gz",EndLESS,Netherlands,Lelystad,Illumina_sequencing,V5_V6,F784 - R1064,[AG]GGATTAGATACCC,CGAC[AG][AG]CCATGCA[ACGT]CACCT,broiler,11305,Faeces,5,yes,pen_3,5,H3K1D4,04_days,Faeces,v,High_fermentative,High_fermentativeH3K1D4
H3K2D4,ACCGGAAT,1,P,"NG-16004_2018_0013_lib256392_5938_8_1.fastq.gz, NG-16004_2018_0013_lib256392_5938_8_2.fastq.gz",EndLESS,Netherlands,Lelystad,Illumina_sequencing,V5_V6,F784 - R1064,[AG]GGATTAGATACCC,CGAC[AG][AG]CCATGCA[ACGT]CACCT,broiler,11306,Faeces,6,yes,pen_3,6,H3K2D4,04_days,Faeces,m,High_fermentative,High_fermentativeH3K2D4
H4K1D4,ACGCTCGC,1,P,"NG-16004_2018_0013_lib256392_5938_8_1.fastq.gz, NG-16004_2018_0013_lib256392_5938_8_2.fastq.gz",EndLESS,Netherlands,Lelystad,Illumina_sequencing,V5_V6,F784 - R1064,[AG]GGATTAGATACCC,CGAC[AG][AG]CCATGCA[ACGT]CACCT,broiler,11307,Faeces,7,yes,pen_4,7,H4K1D4,04_days,Faeces,m,High_fermentative,High_fermentativeH4K1D4
H4K2D4,AGACCTGC,1,P,"NG-16004_2018_0013_lib256392_5938_8_1.fastq.gz, NG-16004_2018_0013_lib256392_5938_8_2.fastq.gz",EndLESS,Netherlands,Lelystad,Illumina_sequencing,V5_V6,F784 - R1064,[AG]GGATTAGATACCC,CGAC[AG][AG]CCATGCA[ACGT]CACCT,broiler,11308,Faeces,8,yes,pen_4,8,H4K2D4,04_days,Faeces,v,High_fermentative,High_fermentativeH4K2D4
H5K1D4,AGCAGATT,1,P,"NG-16004_2018_0013_lib256392_5938_8_1.fastq.gz, NG-16004_2018_0013_lib256392_5938_8_2.fastq.gz",EndLESS,Netherlands,Lelystad,Illumina_sequencing,V5_V6,F784 - R1064,[AG]GGATTAGATACCC,CGAC[AG][AG]CCATGCA[ACGT]CACCT,broiler,11309,Faeces,9,yes,pen_5,9,H5K1D4,04_days,Faeces,m,High_fermentative,High_fermentativeH5K1D4
H5K2D4,AGCTTCGC,1,P,"NG-16004_2018_0013_lib256392_5938_8_1.fastq.gz, NG-16004_2018_0013_lib256392_5938_8_2.fastq.gz",EndLESS,Netherlands,Lelystad,Illumina_sequencing,V5_V6,F784 - R1064,[AG]GGATTAGATACCC,CGAC[AG][AG]CCATGCA[ACGT]CACCT,broiler,11310,Faeces,10,yes,pen_5,10,H5K2D4,04_days,Faeces,v,High_fermentative,High_fermentativeH5K2D4
H6K1D4,AGGTCGAA,1,P,"NG-16004_2018_0013_lib256392_5938_8_1.fastq.gz, NG-16004_2018_0013_lib256392_5938_8_2.fastq.gz",EndLESS,Netherlands,Lelystad,Illumina_sequencing,V5_V6,F784 - R1064,[AG]GGATTAGATACCC,CGAC[AG][AG]CCATGCA[ACGT]CACCT,broiler,11311,Faeces,11,yes,pen_6,11,H6K1D4,04_days,Faeces,v,Low_fermentative,Low_fermentativeH6K1D4
H6K2D4,AGGTTATG,1,P,"NG-16004_2018_0013_lib256392_5938_8_1.fastq.gz, NG-16004_2018_0013_lib256392_5938_8_2.fastq.gz",EndLESS,Netherlands,Lelystad,Illumina_sequencing,V5_V6,F784 - R1064,[AG]GGATTAGATACCC,CGAC[AG][AG]CCATGCA[ACGT]CACCT,broiler,11312,Faeces,12,yes,pen_6,12,H6K2D4,04_days,Faeces,m,Low_fermentative,Low_fermentativeH6K2D4
H7K1D4,AGTCGCGC,1,P,"NG-16004_2018_0013_lib256392_5938_8_1.fastq.gz, NG-16004_2018_0013_lib256392_5938_8_2.fastq.gz",EndLESS,Netherlands,Lelystad,Illumina_sequencing,V5_V6,F784 - R1064,[AG]GGATTAGATACCC,CGAC[AG][AG]CCATGCA[ACGT]CACCT,broiler,11313,Faeces,13,yes,pen_7,13,H7K1D4,04_days,Faeces,m,Low_fermentative,Low_fermentativeH7K1D4
H7K2D4,AGTTATGC,1,P,"NG-16004_2018_0013_lib256392_5938_8_1.fastq.gz, NG-16004_2018_0013_lib256392_5938_8_2.fastq.gz",EndLESS,Netherlands,Lelystad,Illumina_sequencing,V5_V6,F784 - R1064,[AG]GGATTAGATACCC,CGAC[AG][AG]CCATGCA[ACGT]CACCT,broiler,11314,Faeces,14,yes,pen_7,14,H7K2D4,04_days,Faeces,v,Low_fermentative,Low_fermentativeH7K2D4
H8K1D4,ATATCCGC,1,P,"NG-16004_2018_0013_lib256392_5938_8_1.fastq.gz, NG-16004_2018_0013_lib256392_5938_8_2.fastq.gz",EndLESS,Netherlands,Lelystad,Illumina_sequencing,V5_V6,F784 - R1064,[AG]GGATTAGATACCC,CGAC[AG][AG]CCATGCA[ACGT]CACCT,broiler,11315,Faeces,15,yes,pen_8,15,H8K1D4,04_days,Faeces,m,High_fermentative,High_fermentativeH8K1D4
H8K2D4,ATGCCGGA,1,P,"NG-16004_2018_0013_lib256392_5938_8_1.fastq.gz, NG-16004_2018_0013_lib256392_5938_8_2.fastq.gz",EndLESS,Netherlands,Lelystad,Illumina_sequencing,V5_V6,F784 - R1064,[AG]GGATTAGATACCC,CGAC[AG][AG]CCATGCA[ACGT]CACCT,broiler,11316,Faeces,16,yes,pen_8,16,H8K2D4,04_days,Faeces,v,High_fermentative,High_fermentativeH8K2D4
H1K1D10,ATGCGATT,1,P,"NG-16004_2018_0013_lib256392_5938_8_1.fastq.gz, NG-16004_2018_0013_lib256392_5938_8_2.fastq.gz",EndLESS,Netherlands,Lelystad,Illumina_sequencing,V5_V6,F784 - R1064,[AG]GGATTAGATACCC,CGAC[AG][AG]CCATGCA[ACGT]CACCT,broiler,11301,Faeces,17,yes,pen_1,17,H1K1D10,10_days,Faeces,m,Low_fermentative,Low_fermentativeH1K1D10
H1K2D10,CAACCTCT,1,P,"NG-16004_2018_0013_lib256392_5938_8_1.fastq.gz, NG-16004_2018_0013_lib256392_5938_8_2.fastq.gz",EndLESS,Netherlands,Lelystad,Illumina_sequencing,V5_V6,F784 - R1064,[AG]GGATTAGATACCC,CGAC[AG][AG]CCATGCA[ACGT]CACCT,broiler,11302,Faeces,18,yes,pen_1,18,H1K2D10,10_days,Faeces,v,Low_fermentative,Low_fermentativeH1K2D10
H2K1D10,CAACGAGG,1,P,"NG-16004_2018_0013_lib256392_5938_8_1.fastq.gz, NG-16004_2018_0013_lib256392_5938_8_2.fastq.gz",EndLESS,Netherlands,Lelystad,Illumina_sequencing,V5_V6,F784 - R1064,[AG]GGATTAGATACCC,CGAC[AG][AG]CCATGCA[ACGT]CACCT,broiler,11303,Faeces,19,yes,pen_2,19,H2K1D10,10_days,Faeces,m,Low_fermentative,Low_fermentativeH2K1D10
H2K2D10,CATAAGCG,1,P,"NG-16004_2018_0013_lib256392_5938_8_1.fastq.gz, NG-16004_2018_0013_lib256392_5938_8_2.fastq.gz",EndLESS,Netherlands,Lelystad,Illumina_sequencing,V5_V6,F784 - R1064,[AG]GGATTAGATACCC,CGAC[AG][AG]CCATGCA[ACGT]CACCT,broiler,11304,Faeces,20,yes,pen_2,20,H2K2D10,10_days,Faeces,v,Low_fermentative,Low_fermentativeH2K2D10
H3K1D10,CATGATGC,1,P,"NG-16004_2018_0013_lib256392_5938_8_1.fastq.gz, NG-16004_2018_0013_lib256392_5938_8_2.fastq.gz",EndLESS,Netherlands,Lelystad,Illumina_sequencing,V5_V6,F784 - R1064,[AG]GGATTAGATACCC,CGAC[AG][AG]CCATGCA[ACGT]CACCT,broiler,11305,Faeces,21,yes,pen_3,21,H3K1D10,10_days,Faeces,v,High_fermentative,High_fermentativeH3K1D10
H3K2D10,CATTGCCA,1,P,"NG-16004_2018_0013_lib256392_5938_8_1.fastq.gz, NG-16004_2018_0013_lib256392_5938_8_2.fastq.gz",EndLESS,Netherlands,Lelystad,Illumina_sequencing,V5_V6,F784 - R1064,[AG]GGATTAGATACCC,CGAC[AG][AG]CCATGCA[ACGT]CACCT,broiler,11306,Faeces,22,yes,pen_3,22,H3K2D10,10_days,Faeces,m,High_fermentative,High_fermentativeH3K2D10
H4K1D10,CCATGCGC,1,P,"NG-16004_2018_0013_lib256392_5938_8_1.fastq.gz, NG-16004_2018_0013_lib256392_5938_8_2.fastq.gz",EndLESS,Netherlands,Lelystad,Illumina_sequencing,V5_V6,F784 - R1064,[AG]GGATTAGATACCC,CGAC[AG][AG]CCATGCA[ACGT]CACCT,broiler,11307,Faeces,23,yes,pen_4,23,H4K1D10,10_days,Faeces,m,High_fermentative,High_fermentativeH4K1D10
H4K2D10,CCATTATG,1,P,"NG-16004_2018_0013_lib256392_5938_8_1.fastq.gz, NG-16004_2018_0013_lib256392_5938_8_2.fastq.gz",EndLESS,Netherlands,Lelystad,Illumina_sequencing,V5_V6,F784 - R1064,[AG]GGATTAGATACCC,CGAC[AG][AG]CCATGCA[ACGT]CACCT,broiler,11308,Faeces,24,yes,pen_4,24,H4K2D10,10_days,Faeces,v,High_fermentative,High_fermentativeH4K2D10
H5K1D10,CCGTACTA,1,P,"NG-16004_2018_0013_lib256392_5938_8_1.fastq.gz, NG-16004_2018_0013_lib256392_5938_8_2.fastq.gz",EndLESS,Netherlands,Lelystad,Illumina_sequencing,V5_V6,F784 - R1064,[AG]GGATTAGATACCC,CGAC[AG][AG]CCATGCA[ACGT]CACCT,broiler,11309,Faeces,25,yes,pen_5,25,H5K1D10,10_days,Faeces,m,High_fermentative,High_fermentativeH5K1D10
H5K2D10,CCGTCTGC,1,P,"NG-16004_2018_0013_lib256392_5938_8_1.fastq.gz, NG-16004_2018_0013_lib256392_5938_8_2.fastq.gz",EndLESS,Netherlands,Lelystad,Illumina_sequencing,V5_V6,F784 - R1064,[AG]GGATTAGATACCC,CGAC[AG][AG]CCATGCA[ACGT]CACCT,broiler,11310,Faeces,26,yes,pen_5,26,H5K2D10,10_days,Faeces,v,High_fermentative,High_fermentativeH5K2D10
H6K1D10,CGCAAGCT,1,P,"NG-16004_2018_0013_lib256392_5938_8_1.fastq.gz, NG-16004_2018_0013_lib256392_5938_8_2.fastq.gz",EndLESS,Netherlands,Lelystad,Illumina_sequencing,V5_V6,F784 - R1064,[AG]GGATTAGATACCC,CGAC[AG][AG]CCATGCA[ACGT]CACCT,broiler,11311,Faeces,27,yes,pen_6,27,H6K1D10,10_days,Faeces,v,Low_fermentative,Low_fermentativeH6K1D10
H6K2D10,CGGAAGAG,1,P,"NG-16004_2018_0013_lib256392_5938_8_1.fastq.gz, NG-16004_2018_0013_lib256392_5938_8_2.fastq.gz",EndLESS,Netherlands,Lelystad,Illumina_sequencing,V5_V6,F784 - R1064,[AG]GGATTAGATACCC,CGAC[AG][AG]CCATGCA[ACGT]CACCT,broiler,11312,Faeces,28,yes,pen_6,28,H6K2D10,10_days,Faeces,m,Low_fermentative,Low_fermentativeH6K2D10
H7K1D10,CTAGGAGA,1,P,"NG-16004_2018_0013_lib256392_5938_8_1.fastq.gz, NG-16004_2018_0013_lib256392_5938_8_2.fastq.gz",EndLESS,Netherlands,Lelystad,Illumina_sequencing,V5_V6,F784 - R1064,[AG]GGATTAGATACCC,CGAC[AG][AG]CCATGCA[ACGT]CACCT,broiler,11313,Faeces,29,yes,pen_7,29,H7K1D10,10_days,Faeces,m,Low_fermentative,Low_fermentativeH7K1D10
H7K2D10,CTCAGCGC,1,P,"NG-16004_2018_0013_lib256392_5938_8_1.fastq.gz, NG-16004_2018_0013_lib256392_5938_8_2.fastq.gz",EndLESS,Netherlands,Lelystad,Illumina_sequencing,V5_V6,F784 - R1064,[AG]GGATTAGATACCC,CGAC[AG][AG]CCATGCA[ACGT]CACCT,broiler,11314,Faeces,30,yes,pen_7,30,H7K2D10,10_days,Faeces,v,Low_fermentative,Low_fermentativeH7K2D10
H8K1D10,CTCAGTCT,1,P,"NG-16004_2018_0013_lib256392_5938_8_1.fastq.gz, NG-16004_2018_0013_lib256392_5938_8_2.fastq.gz",EndLESS,Netherlands,Lelystad,Illumina_sequencing,V5_V6,F784 - R1064,[AG]GGATTAGATACCC,CGAC[AG][AG]CCATGCA[ACGT]CACCT,broiler,11315,Faeces,31,yes,pen_8,31,H8K1D10,10_days,Faeces,m,High_fermentative,High_fermentativeH8K1D10
H8K2D10,CTCGCGTA,1,P,"NG-16004_2018_0013_lib256392_5938_8_1.fastq.gz, NG-16004_2018_0013_lib256392_5938_8_2.fastq.gz",EndLESS,Netherlands,Lelystad,Illumina_sequencing,V5_V6,F784 - R1064,[AG]GGATTAGATACCC,CGAC[AG][AG]CCATGCA[ACGT]CACCT,broiler,11316,Faeces,32,yes,pen_8,32,H8K2D10,10_days,Faeces,v,High_fermentative,High_fermentativeH8K2D10
H1K1D21,CTGCTGAA,1,P,"NG-16004_2018_0013_lib256392_5938_8_1.fastq.gz, NG-16004_2018_0013_lib256392_5938_8_2.fastq.gz",EndLESS,Netherlands,Lelystad,Illumina_sequencing,V5_V6,F784 - R1064,[AG]GGATTAGATACCC,CGAC[AG][AG]CCATGCA[ACGT]CACCT,broiler,11301,Faeces,33,yes,pen_1,33,H1K1D21,21_days,Faeces,m,Low_fermentative,Low_fermentativeH1K1D21
H1K2D21,CTTGCGAG,1,P,"NG-16004_2018_0013_lib256392_5938_8_1.fastq.gz, NG-16004_2018_0013_lib256392_5938_8_2.fastq.gz",EndLESS,Netherlands,Lelystad,Illumina_sequencing,V5_V6,F784 - R1064,[AG]GGATTAGATACCC,CGAC[AG][AG]CCATGCA[ACGT]CACCT,broiler,11302,Faeces,34,yes,pen_1,34,H1K2D21,21_days,Faeces,v,Low_fermentative,Low_fermentativeH1K2D21
H2K1D21,CTTGGCCT,1,P,"NG-16004_2018_0013_lib256392_5938_8_1.fastq.gz, NG-16004_2018_0013_lib256392_5938_8_2.fastq.gz",EndLESS,Netherlands,Lelystad,Illumina_sequencing,V5_V6,F784 - R1064,[AG]GGATTAGATACCC,CGAC[AG][AG]CCATGCA[ACGT]CACCT,broiler,11303,Faeces,35,yes,pen_2,35,H2K1D21,21_days,Faeces,m,Low_fermentative,Low_fermentativeH2K1D21
H2K2D21,GAACCGTT,1,P,"NG-16004_2018_0013_lib256392_5938_8_1.fastq.gz, NG-16004_2018_0013_lib256392_5938_8_2.fastq.gz",EndLESS,Netherlands,Lelystad,Illumina_sequencing,V5_V6,F784 - R1064,[AG]GGATTAGATACCC,CGAC[AG][AG]CCATGCA[ACGT]CACCT,broiler,11304,Faeces,36,yes,pen_2,36,H2K2D21,21_days,Faeces,v,Low_fermentative,Low_fermentativeH2K2D21
H3K1D21,GAACGTAT,1,P,"NG-16004_2018_0013_lib256392_5938_8_1.fastq.gz, NG-16004_2018_0013_lib256392_5938_8_2.fastq.gz",EndLESS,Netherlands,Lelystad,Illumina_sequencing,V5_V6,F784 - R1064,[AG]GGATTAGATACCC,CGAC[AG][AG]CCATGCA[ACGT]CACCT,broiler,11305,Faeces,37,yes,pen_3,37,H3K1D21,21_days,Faeces,v,High_fermentative,High_fermentativeH3K1D21
H3K2D21,GAACTAAG,1,P,"NG-16004_2018_0013_lib256392_5938_8_1.fastq.gz, NG-16004_2018_0013_lib256392_5938_8_2.fastq.gz",EndLESS,Netherlands,Lelystad,Illumina_sequencing,V5_V6,F784 - R1064,[AG]GGATTAGATACCC,CGAC[AG][AG]CCATGCA[ACGT]CACCT,broiler,11306,Faeces,38,yes,pen_3,38,H3K2D21,21_days,Faeces,m,High_fermentative,High_fermentativeH3K2D21
H4K1D21,GAAGCTCG,1,P,"NG-16004_2018_0013_lib256392_5938_8_1.fastq.gz, NG-16004_2018_0013_lib256392_5938_8_2.fastq.gz",EndLESS,Netherlands,Lelystad,Illumina_sequencing,V5_V6,F784 - R1064,[AG]GGATTAGATACCC,CGAC[AG][AG]CCATGCA[ACGT]CACCT,broiler,11307,Faeces,39,yes,pen_4,39,H4K1D21,21_days,Faeces,m,High_fermentative,High_fermentativeH4K1D21
H4K2D21,GAGTTATA,1,P,"NG-16004_2018_0013_lib256392_5938_8_1.fastq.gz, NG-16004_2018_0013_lib256392_5938_8_2.fastq.gz",EndLESS,Netherlands,Lelystad,Illumina_sequencing,V5_V6,F784 - R1064,[AG]GGATTAGATACCC,CGAC[AG][AG]CCATGCA[ACGT]CACCT,broiler,11308,Faeces,40,yes,pen_4,40,H4K2D21,21_days,Faeces,v,High_fermentative,High_fermentativeH4K2D21
H5K1D21,GATGAATG,1,P,"NG-16004_2018_0013_lib256392_5938_8_1.fastq.gz, NG-16004_2018_0013_lib256392_5938_8_2.fastq.gz",EndLESS,Netherlands,Lelystad,Illumina_sequencing,V5_V6,F784 - R1064,[AG]GGATTAGATACCC,CGAC[AG][AG]CCATGCA[ACGT]CACCT,broiler,11309,Faeces,41,yes,pen_5,41,H5K1D21,21_days,Faeces,m,High_fermentative,High_fermentativeH5K1D21
H5K2D21,GATGATAA,1,P,"NG-16004_2018_0013_lib256392_5938_8_1.fastq.gz, NG-16004_2018_0013_lib256392_5938_8_2.fastq.gz",EndLESS,Netherlands,Lelystad,Illumina_sequencing,V5_V6,F784 - R1064,[AG]GGATTAGATACCC,CGAC[AG][AG]CCATGCA[ACGT]CACCT,broiler,11310,Faeces,42,yes,pen_5,42,H5K2D21,21_days,Faeces,v,High_fermentative,High_fermentativeH5K2D21
H6K1D21,GATGCGCT,1,P,"NG-16004_2018_0013_lib256392_5938_8_1.fastq.gz, NG-16004_2018_0013_lib256392_5938_8_2.fastq.gz",EndLESS,Netherlands,Lelystad,Illumina_sequencing,V5_V6,F784 - R1064,[AG]GGATTAGATACCC,CGAC[AG][AG]CCATGCA[ACGT]CACCT,broiler,11311,Faeces,43,yes,pen_6,43,H6K1D21,21_days,Faeces,v,Low_fermentative,Low_fermentativeH6K1D21
H6K2D21,GCCAGGTT,1,P,"NG-16004_2018_0013_lib256392_5938_8_1.fastq.gz, NG-16004_2018_0013_lib256392_5938_8_2.fastq.gz",EndLESS,Netherlands,Lelystad,Illumina_sequencing,V5_V6,F784 - R1064,[AG]GGATTAGATACCC,CGAC[AG][AG]CCATGCA[ACGT]CACCT,broiler,11312,Faeces,44,yes,pen_6,44,H6K2D21,21_days,Faeces,m,Low_fermentative,Low_fermentativeH6K2D21
H7K1D21,GCCTTAAG,1,P,"NG-16004_2018_0013_lib256392_5938_8_1.fastq.gz, NG-16004_2018_0013_lib256392_5938_8_2.fastq.gz",EndLESS,Netherlands,Lelystad,Illumina_sequencing,V5_V6,F784 - R1064,[AG]GGATTAGATACCC,CGAC[AG][AG]CCATGCA[ACGT]CACCT,broiler,11313,Faeces,45,yes,pen_7,45,H7K1D21,21_days,Faeces,m,Low_fermentative,Low_fermentativeH7K1D21
H7K2D21,GCTAATCT,1,P,"NG-16004_2018_0013_lib256392_5938_8_1.fastq.gz, NG-16004_2018_0013_lib256392_5938_8_2.fastq.gz",EndLESS,Netherlands,Lelystad,Illumina_sequencing,V5_V6,F784 - R1064,[AG]GGATTAGATACCC,CGAC[AG][AG]CCATGCA[ACGT]CACCT,broiler,11314,Faeces,46,yes,pen_7,46,H7K2D21,21_days,Faeces,v,Low_fermentative,Low_fermentativeH7K2D21
H8K1D21,GGAGCGCA,1,P,"NG-16004_2018_0013_lib256392_5938_8_1.fastq.gz, NG-16004_2018_0013_lib256392_5938_8_2.fastq.gz",EndLESS,Netherlands,Lelystad,Illumina_sequencing,V5_V6,F784 - R1064,[AG]GGATTAGATACCC,CGAC[AG][AG]CCATGCA[ACGT]CACCT,broiler,11315,Faeces,47,yes,pen_8,47,H8K1D21,21_days,Faeces,m,High_fermentative,High_fermentativeH8K1D21
H8K2D21,GGAGTATG,1,P,"NG-16004_2018_0013_lib256392_5938_8_1.fastq.gz, NG-16004_2018_0013_lib256392_5938_8_2.fastq.gz",EndLESS,Netherlands,Lelystad,Illumina_sequencing,V5_V6,F784 - R1064,[AG]GGATTAGATACCC,CGAC[AG][AG]CCATGCA[ACGT]CACCT,broiler,11316,Faeces,48,yes,pen_8,48,H8K2D21,21_days,Faeces,v,High_fermentative,High_fermentativeH8K2D21
H1K1D35,GGTACCAA,1,P,"NG-16004_2018_0013_lib256392_5938_8_1.fastq.gz, NG-16004_2018_0013_lib256392_5938_8_2.fastq.gz",EndLESS,Netherlands,Lelystad,Illumina_sequencing,V5_V6,F784 - R1064,[AG]GGATTAGATACCC,CGAC[AG][AG]CCATGCA[ACGT]CACCT,broiler,11301,Faeces,49,yes,pen_1,49,H1K1D35,35_days,Faeces,m,Low_fermentative,Low_fermentativeH1K1D35
H1K2D35,GGTAGAAT,1,P,"NG-16004_2018_0013_lib256392_5938_8_1.fastq.gz, NG-16004_2018_0013_lib256392_5938_8_2.fastq.gz",EndLESS,Netherlands,Lelystad,Illumina_sequencing,V5_V6,F784 - R1064,[AG]GGATTAGATACCC,CGAC[AG][AG]CCATGCA[ACGT]CACCT,broiler,11302,Faeces,50,yes,pen_1,50,H1K2D35,35_days,Faeces,v,Low_fermentative,Low_fermentativeH1K2D35
H2K1D35,GTCCGCAA,1,P,"NG-16004_2018_0013_lib256392_5938_8_1.fastq.gz, NG-16004_2018_0013_lib256392_5938_8_2.fastq.gz",EndLESS,Netherlands,Lelystad,Illumina_sequencing,V5_V6,F784 - R1064,[AG]GGATTAGATACCC,CGAC[AG][AG]CCATGCA[ACGT]CACCT,broiler,11303,Faeces,51,yes,pen_2,51,H2K1D35,35_days,Faeces,m,Low_fermentative,Low_fermentativeH2K1D35
H2K2D35,GTTAAGTT,1,P,"NG-16004_2018_0013_lib256392_5938_8_1.fastq.gz, NG-16004_2018_0013_lib256392_5938_8_2.fastq.gz",EndLESS,Netherlands,Lelystad,Illumina_sequencing,V5_V6,F784 - R1064,[AG]GGATTAGATACCC,CGAC[AG][AG]CCATGCA[ACGT]CACCT,broiler,11304,Faeces,52,yes,pen_2,52,H2K2D35,35_days,Faeces,v,Low_fermentative,Low_fermentativeH2K2D35
H3K1D35,GTTCTACG,1,P,"NG-16004_2018_0013_lib256392_5938_8_1.fastq.gz, NG-16004_2018_0013_lib256392_5938_8_2.fastq.gz",EndLESS,Netherlands,Lelystad,Illumina_sequencing,V5_V6,F784 - R1064,[AG]GGATTAGATACCC,CGAC[AG][AG]CCATGCA[ACGT]CACCT,broiler,11305,Faeces,53,yes,pen_3,53,H3K1D35,35_days,Faeces,v,High_fermentative,High_fermentativeH3K1D35
H3K2D35,TATTGCGC,1,P,"NG-16004_2018_0013_lib256392_5938_8_1.fastq.gz, NG-16004_2018_0013_lib256392_5938_8_2.fastq.gz",EndLESS,Netherlands,Lelystad,Illumina_sequencing,V5_V6,F784 - R1064,[AG]GGATTAGATACCC,CGAC[AG][AG]CCATGCA[ACGT]CACCT,broiler,11306,Faeces,54,yes,pen_3,54,H3K2D35,35_days,Faeces,m,High_fermentative,High_fermentativeH3K2D35
H4K1D35,TCAGCGAG,1,P,"NG-16004_2018_0013_lib256392_5938_8_1.fastq.gz, NG-16004_2018_0013_lib256392_5938_8_2.fastq.gz",EndLESS,Netherlands,Lelystad,Illumina_sequencing,V5_V6,F784 - R1064,[AG]GGATTAGATACCC,CGAC[AG][AG]CCATGCA[ACGT]CACCT,broiler,11307,Faeces,55,yes,pen_4,55,H4K1D35,35_days,Faeces,m,High_fermentative,High_fermentativeH4K1D35
H4K2D35,TCATTCCG,1,P,"NG-16004_2018_0013_lib256392_5938_8_1.fastq.gz, NG-16004_2018_0013_lib256392_5938_8_2.fastq.gz",EndLESS,Netherlands,Lelystad,Illumina_sequencing,V5_V6,F784 - R1064,[AG]GGATTAGATACCC,CGAC[AG][AG]CCATGCA[ACGT]CACCT,broiler,11308,Faeces,56,yes,pen_4,56,H4K2D35,35_days,Faeces,v,High_fermentative,High_fermentativeH4K2D35
H5K2D35,TCCGTATA,1,P,"NG-16004_2018_0013_lib256392_5938_8_1.fastq.gz, NG-16004_2018_0013_lib256392_5938_8_2.fastq.gz",EndLESS,Netherlands,Lelystad,Illumina_sequencing,V5_V6,F784 - R1064,[AG]GGATTAGATACCC,CGAC[AG][AG]CCATGCA[ACGT]CACCT,broiler,11310,Faeces,57,yes,pen_5,57,H5K2D35,35_days,Faeces,v,High_fermentative,High_fermentativeH5K2D35
H5K1D35,TCCTCCGC,1,P,"NG-16004_2018_0013_lib256392_5938_8_1.fastq.gz, NG-16004_2018_0013_lib256392_5938_8_2.fastq.gz",EndLESS,Netherlands,Lelystad,Illumina_sequencing,V5_V6,F784 - R1064,[AG]GGATTAGATACCC,CGAC[AG][AG]CCATGCA[ACGT]CACCT,broiler,11309,Faeces,58,yes,pen_5,58,H5K1D35,35_days,Faeces,m,High_fermentative,High_fermentativeH5K1D35
H6K2D35,TCGAATAA,1,P,"NG-16004_2018_0013_lib256392_5938_8_1.fastq.gz, NG-16004_2018_0013_lib256392_5938_8_2.fastq.gz",EndLESS,Netherlands,Lelystad,Illumina_sequencing,V5_V6,F784 - R1064,[AG]GGATTAGATACCC,CGAC[AG][AG]CCATGCA[ACGT]CACCT,broiler,11312,Faeces,59,yes,pen_6,59,H6K2D35,35_days,Faeces,m,Low_fermentative,Low_fermentativeH6K2D35
H6K1D35,TCGATATT,1,P,"NG-16004_2018_0013_lib256392_5938_8_1.fastq.gz, NG-16004_2018_0013_lib256392_5938_8_2.fastq.gz",EndLESS,Netherlands,Lelystad,Illumina_sequencing,V5_V6,F784 - R1064,[AG]GGATTAGATACCC,CGAC[AG][AG]CCATGCA[ACGT]CACCT,broiler,11311,Faeces,60,yes,pen_6,60,H6K1D35,35_days,Faeces,v,Low_fermentative,Low_fermentativeH6K1D35
H7K2D35,TCTATTCG,1,P,"NG-16004_2018_0013_lib256392_5938_8_1.fastq.gz, NG-16004_2018_0013_lib256392_5938_8_2.fastq.gz",EndLESS,Netherlands,Lelystad,Illumina_sequencing,V5_V6,F784 - R1064,[AG]GGATTAGATACCC,CGAC[AG][AG]CCATGCA[ACGT]CACCT,broiler,11314,Faeces,61,yes,pen_7,61,H7K2D35,35_days,Faeces,v,Low_fermentative,Low_fermentativeH7K2D35
H7K1D35,TGACTCAA,1,P,"NG-16004_2018_0013_lib256392_5938_8_1.fastq.gz, NG-16004_2018_0013_lib256392_5938_8_2.fastq.gz",EndLESS,Netherlands,Lelystad,Illumina_sequencing,V5_V6,F784 - R1064,[AG]GGATTAGATACCC,CGAC[AG][AG]CCATGCA[ACGT]CACCT,broiler,11313,Faeces,62,yes,pen_7,62,H7K1D35,35_days,Faeces,m,Low_fermentative,Low_fermentativeH7K1D35
H8K2D35,TGATCTCA,1,P,"NG-16004_2018_0013_lib256392_5938_8_1.fastq.gz, NG-16004_2018_0013_lib256392_5938_8_2.fastq.gz",EndLESS,Netherlands,Lelystad,Illumina_sequencing,V5_V6,F784 - R1064,[AG]GGATTAGATACCC,CGAC[AG][AG]CCATGCA[ACGT]CACCT,broiler,11316,Faeces,63,yes,pen_8,63,H8K2D35,35_days,Faeces,v,High_fermentative,High_fermentativeH8K2D35
H8K1D35,TGCCTGCG,1,P,"NG-16004_2018_0013_lib256392_5938_8_1.fastq.gz, NG-16004_2018_0013_lib256392_5938_8_2.fastq.gz",EndLESS,Netherlands,Lelystad,Illumina_sequencing,V5_V6,F784 - R1064,[AG]GGATTAGATACCC,CGAC[AG][AG]CCATGCA[ACGT]CACCT,broiler,11315,Faeces,64,yes,pen_8,64,H8K1D35,35_days,Faeces,m,High_fermentative,High_fermentativeH8K1D35
H7K1D35s,TGGTAATT,1,P,"NG-16004_2018_0013_lib256392_5938_8_1.fastq.gz, NG-16004_2018_0013_lib256392_5938_8_2.fastq.gz",EndLESS,Netherlands,Lelystad,Illumina_sequencing,V5_V6,F784 - R1064,[AG]GGATTAGATACCC,CGAC[AG][AG]CCATGCA[ACGT]CACCT,broiler,11313,Faeces,65,no,pen_7,65,H7K1D35s,35_days,Faeces,m,Low_fermentative,Low_fermentativeH7K1D35s
H8K2D35s,TGGTATGA,1,P,"NG-16004_2018_0013_lib256392_5938_8_1.fastq.gz, NG-16004_2018_0013_lib256392_5938_8_2.fastq.gz",EndLESS,Netherlands,Lelystad,Illumina_sequencing,V5_V6,F784 - R1064,[AG]GGATTAGATACCC,CGAC[AG][AG]CCATGCA[ACGT]CACCT,broiler,11316,Faeces,66,no,pen_8,66,H8K2D35s,35_days,Faeces,v,High_fermentative,High_fermentativeH8K2D35s
H8K1D35s,TTAGGATG,1,P,"NG-16004_2018_0013_lib256392_5938_8_1.fastq.gz, NG-16004_2018_0013_lib256392_5938_8_2.fastq.gz",EndLESS,Netherlands,Lelystad,Illumina_sequencing,V5_V6,F784 - R1064,[AG]GGATTAGATACCC,CGAC[AG][AG]CCATGCA[ACGT]CACCT,broiler,11315,Faeces,67,no,pen_8,67,H8K1D35s,35_days,Faeces,m,High_fermentative,High_fermentativeH8K1D35s
Water1,TTGACTAG,1,P,"NG-16004_2018_0013_lib256392_5938_8_1.fastq.gz, NG-16004_2018_0013_lib256392_5938_8_2.fastq.gz",EndLESS,Netherlands,Lelystad,Illumina_sequencing,V5_V6,F784 - R1064,[AG]GGATTAGATACCC,CGAC[AG][AG]CCATGCA[ACGT]CACCT,broiler,Water,Water,68,yes,Water,68,Water1,Water,Water,Water,Water,WaterWater1
Mock3.1,TTGATCCA,1,P,"NG-16004_2018_0013_lib256392_5938_8_1.fastq.gz, NG-16004_2018_0013_lib256392_5938_8_2.fastq.gz",EndLESS,Netherlands,Lelystad,Illumina_sequencing,V5_V6,F784 - R1064,[AG]GGATTAGATACCC,CGAC[AG][AG]CCATGCA[ACGT]CACCT,broiler,Mock3,Mock3,69,yes,Mock3,69,Mock3.1,Mock3,Mock3,Mock3,Mock3,Mock3Mock3.1
Mock4.1,TTGCATAT,1,P,"NG-16004_2018_0013_lib256392_5938_8_1.fastq.gz, NG-16004_2018_0013_lib256392_5938_8_2.fastq.gz",EndLESS,Netherlands,Lelystad,Illumina_sequencing,V5_V6,F784 - R1064,[AG]GGATTAGATACCC,CGAC[AG][AG]CCATGCA[ACGT]CACCT,broiler,Mock4,Mock4,70,yes,Mock4,70,Mock4.1,Mock4,Mock4,Mock4,Mock4,Mock4Mock4.1
H8K3D4,AACCAGAA,2,P,"NG-16409_2018_0014_lib264273_5989_1_1.fastq.gz, NG-16409_2018_0014_lib264273_5989_1_2.fastq.gz",EndLESS,Netherlands,Lelystad,Illumina_sequencing,V5_V6,F784 - R1064,[AG]GGATTAGATACCC,CGAC[AG][AG]CCATGCA[ACGT]CACCT,broiler,11331,Faeces,1,yes,pen_8,71,H8K3D4,04_days,Faeces,v,High_fermentative,High_fermentativeH8K3D4
H8K4D4,AACCATGC,2,P,"NG-16409_2018_0014_lib264273_5989_1_1.fastq.gz, NG-16409_2018_0014_lib264273_5989_1_2.fastq.gz",EndLESS,Netherlands,Lelystad,Illumina_sequencing,V5_V6,F784 - R1064,[AG]GGATTAGATACCC,CGAC[AG][AG]CCATGCA[ACGT]CACCT,broiler,11332,Faeces,2,yes,pen_8,72,H8K4D4,04_days,Faeces,m,High_fermentative,High_fermentativeH8K4D4
H7K3D4,AACGGCGC,2,P,"NG-16409_2018_0014_lib264273_5989_1_1.fastq.gz, NG-16409_2018_0014_lib264273_5989_1_2.fastq.gz",EndLESS,Netherlands,Lelystad,Illumina_sequencing,V5_V6,F784 - R1064,[AG]GGATTAGATACCC,CGAC[AG][AG]CCATGCA[ACGT]CACCT,broiler,11329,Faeces,3,yes,pen_7,73,H7K3D4,04_days,Faeces,m,Low_fermentative,Low_fermentativeH7K3D4
H7K4D4,AAGGAGCG,2,P,"NG-16409_2018_0014_lib264273_5989_1_1.fastq.gz, NG-16409_2018_0014_lib264273_5989_1_2.fastq.gz",EndLESS,Netherlands,Lelystad,Illumina_sequencing,V5_V6,F784 - R1064,[AG]GGATTAGATACCC,CGAC[AG][AG]CCATGCA[ACGT]CACCT,broiler,11330,Faeces,4,yes,pen_7,74,H7K4D4,04_days,Faeces,v,Low_fermentative,Low_fermentativeH7K4D4
H6K3D4,ACCAATTA,2,P,"NG-16409_2018_0014_lib264273_5989_1_1.fastq.gz, NG-16409_2018_0014_lib264273_5989_1_2.fastq.gz",EndLESS,Netherlands,Lelystad,Illumina_sequencing,V5_V6,F784 - R1064,[AG]GGATTAGATACCC,CGAC[AG][AG]CCATGCA[ACGT]CACCT,broiler,11327,Faeces,5,yes,pen_6,75,H6K3D4,04_days,Faeces,v,Low_fermentative,Low_fermentativeH6K3D4
H6K4D4,ACCGGAAT,2,P,"NG-16409_2018_0014_lib264273_5989_1_1.fastq.gz, NG-16409_2018_0014_lib264273_5989_1_2.fastq.gz",EndLESS,Netherlands,Lelystad,Illumina_sequencing,V5_V6,F784 - R1064,[AG]GGATTAGATACCC,CGAC[AG][AG]CCATGCA[ACGT]CACCT,broiler,11328,Faeces,6,yes,pen_6,76,H6K4D4,04_days,Faeces,m,Low_fermentative,Low_fermentativeH6K4D4
H5K3D4,ACGCTCGC,2,P,"NG-16409_2018_0014_lib264273_5989_1_1.fastq.gz, NG-16409_2018_0014_lib264273_5989_1_2.fastq.gz",EndLESS,Netherlands,Lelystad,Illumina_sequencing,V5_V6,F784 - R1064,[AG]GGATTAGATACCC,CGAC[AG][AG]CCATGCA[ACGT]CACCT,broiler,11325,Faeces,7,yes,pen_5,77,H5K3D4,04_days,Faeces,v,High_fermentative,High_fermentativeH5K3D4
H5K4D4,AGACCTGC,2,P,"NG-16409_2018_0014_lib264273_5989_1_1.fastq.gz, NG-16409_2018_0014_lib264273_5989_1_2.fastq.gz",EndLESS,Netherlands,Lelystad,Illumina_sequencing,V5_V6,F784 - R1064,[AG]GGATTAGATACCC,CGAC[AG][AG]CCATGCA[ACGT]CACCT,broiler,11326,Faeces,8,yes,pen_5,78,H5K4D4,04_days,Faeces,m,High_fermentative,High_fermentativeH5K4D4
H4K3D4,AGCAGATT,2,P,"NG-16409_2018_0014_lib264273_5989_1_1.fastq.gz, NG-16409_2018_0014_lib264273_5989_1_2.fastq.gz",EndLESS,Netherlands,Lelystad,Illumina_sequencing,V5_V6,F784 - R1064,[AG]GGATTAGATACCC,CGAC[AG][AG]CCATGCA[ACGT]CACCT,broiler,11323,Faeces,9,yes,pen_4,79,H4K3D4,04_days,Faeces,m,High_fermentative,High_fermentativeH4K3D4
H4K4D4,AGCTTCGC,2,P,"NG-16409_2018_0014_lib264273_5989_1_1.fastq.gz, NG-16409_2018_0014_lib264273_5989_1_2.fastq.gz",EndLESS,Netherlands,Lelystad,Illumina_sequencing,V5_V6,F784 - R1064,[AG]GGATTAGATACCC,CGAC[AG][AG]CCATGCA[ACGT]CACCT,broiler,11324,Faeces,10,yes,pen_4,80,H4K4D4,04_days,Faeces,v,High_fermentative,High_fermentativeH4K4D4
H3K3D4,AGGTCGAA,2,P,"NG-16409_2018_0014_lib264273_5989_1_1.fastq.gz, NG-16409_2018_0014_lib264273_5989_1_2.fastq.gz",EndLESS,Netherlands,Lelystad,Illumina_sequencing,V5_V6,F784 - R1064,[AG]GGATTAGATACCC,CGAC[AG][AG]CCATGCA[ACGT]CACCT,broiler,11321,Faeces,11,yes,pen_3,81,H3K3D4,04_days,Faeces,m,High_fermentative,High_fermentativeH3K3D4
H3K4D4,AGGTTATG,2,P,"NG-16409_2018_0014_lib264273_5989_1_1.fastq.gz, NG-16409_2018_0014_lib264273_5989_1_2.fastq.gz",EndLESS,Netherlands,Lelystad,Illumina_sequencing,V5_V6,F784 - R1064,[AG]GGATTAGATACCC,CGAC[AG][AG]CCATGCA[ACGT]CACCT,broiler,11322,Faeces,12,yes,pen_3,82,H3K4D4,04_days,Faeces,v,High_fermentative,High_fermentativeH3K4D4
H2K3D4,AGTCGCGC,2,P,"NG-16409_2018_0014_lib264273_5989_1_1.fastq.gz, NG-16409_2018_0014_lib264273_5989_1_2.fastq.gz",EndLESS,Netherlands,Lelystad,Illumina_sequencing,V5_V6,F784 - R1064,[AG]GGATTAGATACCC,CGAC[AG][AG]CCATGCA[ACGT]CACCT,broiler,11319,Faeces,13,yes,pen_2,83,H2K3D4,04_days,Faeces,v,Low_fermentative,Low_fermentativeH2K3D4
H2K4D4,AGTTATGC,2,P,"NG-16409_2018_0014_lib264273_5989_1_1.fastq.gz, NG-16409_2018_0014_lib264273_5989_1_2.fastq.gz",EndLESS,Netherlands,Lelystad,Illumina_sequencing,V5_V6,F784 - R1064,[AG]GGATTAGATACCC,CGAC[AG][AG]CCATGCA[ACGT]CACCT,broiler,11320,Faeces,14,yes,pen_2,84,H2K4D4,04_days,Faeces,m,Low_fermentative,Low_fermentativeH2K4D4
H1K3D4,ATATCCGC,2,P,"NG-16409_2018_0014_lib264273_5989_1_1.fastq.gz, NG-16409_2018_0014_lib264273_5989_1_2.fastq.gz",EndLESS,Netherlands,Lelystad,Illumina_sequencing,V5_V6,F784 - R1064,[AG]GGATTAGATACCC,CGAC[AG][AG]CCATGCA[ACGT]CACCT,broiler,11317,Faeces,15,yes,pen_1,85,H1K3D4,04_days,Faeces,m,Low_fermentative,Low_fermentativeH1K3D4
H1K4D4,ATGCCGGA,2,P,"NG-16409_2018_0014_lib264273_5989_1_1.fastq.gz, NG-16409_2018_0014_lib264273_5989_1_2.fastq.gz",EndLESS,Netherlands,Lelystad,Illumina_sequencing,V5_V6,F784 - R1064,[AG]GGATTAGATACCC,CGAC[AG][AG]CCATGCA[ACGT]CACCT,broiler,11318,Faeces,16,yes,pen_1,86,H1K4D4,04_days,Faeces,v,Low_fermentative,Low_fermentativeH1K4D4
H8K3D10,ATGCGATT,2,P,"NG-16409_2018_0014_lib264273_5989_1_1.fastq.gz, NG-16409_2018_0014_lib264273_5989_1_2.fastq.gz",EndLESS,Netherlands,Lelystad,Illumina_sequencing,V5_V6,F784 - R1064,[AG]GGATTAGATACCC,CGAC[AG][AG]CCATGCA[ACGT]CACCT,broiler,11331,Faeces,17,yes,pen_8,87,H8K3D10,10_days,Faeces,v,High_fermentative,High_fermentativeH8K3D10
H8K4D10,CAACCTCT,2,P,"NG-16409_2018_0014_lib264273_5989_1_1.fastq.gz, NG-16409_2018_0014_lib264273_5989_1_2.fastq.gz",EndLESS,Netherlands,Lelystad,Illumina_sequencing,V5_V6,F784 - R1064,[AG]GGATTAGATACCC,CGAC[AG][AG]CCATGCA[ACGT]CACCT,broiler,11332,Faeces,18,yes,pen_8,88,H8K4D10,10_days,Faeces,m,High_fermentative,High_fermentativeH8K4D10
H7K3D10,CAACGAGG,2,P,"NG-16409_2018_0014_lib264273_5989_1_1.fastq.gz, NG-16409_2018_0014_lib264273_5989_1_2.fastq.gz",EndLESS,Netherlands,Lelystad,Illumina_sequencing,V5_V6,F784 - R1064,[AG]GGATTAGATACCC,CGAC[AG][AG]CCATGCA[ACGT]CACCT,broiler,11329,Faeces,19,yes,pen_7,89,H7K3D10,10_days,Faeces,m,Low_fermentative,Low_fermentativeH7K3D10
H7K4D10,CATAAGCG,2,P,"NG-16409_2018_0014_lib264273_5989_1_1.fastq.gz, NG-16409_2018_0014_lib264273_5989_1_2.fastq.gz",EndLESS,Netherlands,Lelystad,Illumina_sequencing,V5_V6,F784 - R1064,[AG]GGATTAGATACCC,CGAC[AG][AG]CCATGCA[ACGT]CACCT,broiler,11330,Faeces,20,yes,pen_7,90,H7K4D10,10_days,Faeces,v,Low_fermentative,Low_fermentativeH7K4D10
H6K3D10,CATGATGC,2,P,"NG-16409_2018_0014_lib264273_5989_1_1.fastq.gz, NG-16409_2018_0014_lib264273_5989_1_2.fastq.gz",EndLESS,Netherlands,Lelystad,Illumina_sequencing,V5_V6,F784 - R1064,[AG]GGATTAGATACCC,CGAC[AG][AG]CCATGCA[ACGT]CACCT,broiler,11327,Faeces,21,yes,pen_6,91,H6K3D10,10_days,Faeces,v,Low_fermentative,Low_fermentativeH6K3D10
H6K4D10,CATTGCCA,2,P,"NG-16409_2018_0014_lib264273_5989_1_1.fastq.gz, NG-16409_2018_0014_lib264273_5989_1_2.fastq.gz",EndLESS,Netherlands,Lelystad,Illumina_sequencing,V5_V6,F784 - R1064,[AG]GGATTAGATACCC,CGAC[AG][AG]CCATGCA[ACGT]CACCT,broiler,11328,Faeces,22,yes,pen_6,92,H6K4D10,10_days,Faeces,m,Low_fermentative,Low_fermentativeH6K4D10
H5K3D10,CCATGCGC,2,P,"NG-16409_2018_0014_lib264273_5989_1_1.fastq.gz, NG-16409_2018_0014_lib264273_5989_1_2.fastq.gz",EndLESS,Netherlands,Lelystad,Illumina_sequencing,V5_V6,F784 - R1064,[AG]GGATTAGATACCC,CGAC[AG][AG]CCATGCA[ACGT]CACCT,broiler,11325,Faeces,23,yes,pen_5,93,H5K3D10,10_days,Faeces,v,High_fermentative,High_fermentativeH5K3D10
H5K4D10,CCATTATG,2,P,"NG-16409_2018_0014_lib264273_5989_1_1.fastq.gz, NG-16409_2018_0014_lib264273_5989_1_2.fastq.gz",EndLESS,Netherlands,Lelystad,Illumina_sequencing,V5_V6,F784 - R1064,[AG]GGATTAGATACCC,CGAC[AG][AG]CCATGCA[ACGT]CACCT,broiler,11326,Faeces,24,yes,pen_5,94,H5K4D10,10_days,Faeces,m,High_fermentative,High_fermentativeH5K4D10
H4K3D10,CCGTACTA,2,P,"NG-16409_2018_0014_lib264273_5989_1_1.fastq.gz, NG-16409_2018_0014_lib264273_5989_1_2.fastq.gz",EndLESS,Netherlands,Lelystad,Illumina_sequencing,V5_V6,F784 - R1064,[AG]GGATTAGATACCC,CGAC[AG][AG]CCATGCA[ACGT]CACCT,broiler,11323,Faeces,25,yes,pen_4,95,H4K3D10,10_days,Faeces,m,High_fermentative,High_fermentativeH4K3D10
H4K4D10,CCGTCTGC,2,P,"NG-16409_2018_0014_lib264273_5989_1_1.fastq.gz, NG-16409_2018_0014_lib264273_5989_1_2.fastq.gz",EndLESS,Netherlands,Lelystad,Illumina_sequencing,V5_V6,F784 - R1064,[AG]GGATTAGATACCC,CGAC[AG][AG]CCATGCA[ACGT]CACCT,broiler,11324,Faeces,26,yes,pen_4,96,H4K4D10,10_days,Faeces,v,High_fermentative,High_fermentativeH4K4D10
H3K3D10,CGCAAGCT,2,P,"NG-16409_2018_0014_lib264273_5989_1_1.fastq.gz, NG-16409_2018_0014_lib264273_5989_1_2.fastq.gz",EndLESS,Netherlands,Lelystad,Illumina_sequencing,V5_V6,F784 - R1064,[AG]GGATTAGATACCC,CGAC[AG][AG]CCATGCA[ACGT]CACCT,broiler,11321,Faeces,27,yes,pen_3,97,H3K3D10,10_days,Faeces,m,High_fermentative,High_fermentativeH3K3D10
H3K4D10,CGGAAGAG,2,P,"NG-16409_2018_0014_lib264273_5989_1_1.fastq.gz, NG-16409_2018_0014_lib264273_5989_1_2.fastq.gz",EndLESS,Netherlands,Lelystad,Illumina_sequencing,V5_V6,F784 - R1064,[AG]GGATTAGATACCC,CGAC[AG][AG]CCATGCA[ACGT]CACCT,broiler,11322,Faeces,28,yes,pen_3,98,H3K4D10,10_days,Faeces,v,High_fermentative,High_fermentativeH3K4D10
H2K3D10,CTAGGAGA,2,P,"NG-16409_2018_0014_lib264273_5989_1_1.fastq.gz, NG-16409_2018_0014_lib264273_5989_1_2.fastq.gz",EndLESS,Netherlands,Lelystad,Illumina_sequencing,V5_V6,F784 - R1064,[AG]GGATTAGATACCC,CGAC[AG][AG]CCATGCA[ACGT]CACCT,broiler,11319,Faeces,29,yes,pen_2,99,H2K3D10,10_days,Faeces,v,Low_fermentative,Low_fermentativeH2K3D10
H2K4D10,CTCAGCGC,2,P,"NG-16409_2018_0014_lib264273_5989_1_1.fastq.gz, NG-16409_2018_0014_lib264273_5989_1_2.fastq.gz",EndLESS,Netherlands,Lelystad,Illumina_sequencing,V5_V6,F784 - R1064,[AG]GGATTAGATACCC,CGAC[AG][AG]CCATGCA[ACGT]CACCT,broiler,11320,Faeces,30,yes,pen_2,100,H2K4D10,10_days,Faeces,m,Low_fermentative,Low_fermentativeH2K4D10
H1K3D10,CTCAGTCT,2,P,"NG-16409_2018_0014_lib264273_5989_1_1.fastq.gz, NG-16409_2018_0014_lib264273_5989_1_2.fastq.gz",EndLESS,Netherlands,Lelystad,Illumina_sequencing,V5_V6,F784 - R1064,[AG]GGATTAGATACCC,CGAC[AG][AG]CCATGCA[ACGT]CACCT,broiler,11317,Faeces,31,yes,pen_1,101,H1K3D10,10_days,Faeces,m,Low_fermentative,Low_fermentativeH1K3D10
H1K4D10,CTCGCGTA,2,P,"NG-16409_2018_0014_lib264273_5989_1_1.fastq.gz, NG-16409_2018_0014_lib264273_5989_1_2.fastq.gz",EndLESS,Netherlands,Lelystad,Illumina_sequencing,V5_V6,F784 - R1064,[AG]GGATTAGATACCC,CGAC[AG][AG]CCATGCA[ACGT]CACCT,broiler,11318,Faeces,32,yes,pen_1,102,H1K4D10,10_days,Faeces,v,Low_fermentative,Low_fermentativeH1K4D10
H8K3D21,CTGCTGAA,2,P,"NG-16409_2018_0014_lib264273_5989_1_1.fastq.gz, NG-16409_2018_0014_lib264273_5989_1_2.fastq.gz",EndLESS,Netherlands,Lelystad,Illumina_sequencing,V5_V6,F784 - R1064,[AG]GGATTAGATACCC,CGAC[AG][AG]CCATGCA[ACGT]CACCT,broiler,11331,Faeces,33,yes,pen_8,103,H8K3D21,21_days,Faeces,v,High_fermentative,High_fermentativeH8K3D21
H8K4D21,CTTGCGAG,2,P,"NG-16409_2018_0014_lib264273_5989_1_1.fastq.gz, NG-16409_2018_0014_lib264273_5989_1_2.fastq.gz",EndLESS,Netherlands,Lelystad,Illumina_sequencing,V5_V6,F784 - R1064,[AG]GGATTAGATACCC,CGAC[AG][AG]CCATGCA[ACGT]CACCT,broiler,11332,Faeces,34,yes,pen_8,104,H8K4D21,21_days,Faeces,m,High_fermentative,High_fermentativeH8K4D21
H7K3D21,CTTGGCCT,2,P,"NG-16409_2018_0014_lib264273_5989_1_1.fastq.gz, NG-16409_2018_0014_lib264273_5989_1_2.fastq.gz",EndLESS,Netherlands,Lelystad,Illumina_sequencing,V5_V6,F784 - R1064,[AG]GGATTAGATACCC,CGAC[AG][AG]CCATGCA[ACGT]CACCT,broiler,11329,Faeces,35,yes,pen_7,105,H7K3D21,21_days,Faeces,m,Low_fermentative,Low_fermentativeH7K3D21
H7K4D21,GAACCGTT,2,P,"NG-16409_2018_0014_lib264273_5989_1_1.fastq.gz, NG-16409_2018_0014_lib264273_5989_1_2.fastq.gz",EndLESS,Netherlands,Lelystad,Illumina_sequencing,V5_V6,F784 - R1064,[AG]GGATTAGATACCC,CGAC[AG][AG]CCATGCA[ACGT]CACCT,broiler,11330,Faeces,36,yes,pen_7,106,H7K4D21,21_days,Faeces,v,Low_fermentative,Low_fermentativeH7K4D21
H6K3D21,GAACGTAT,2,P,"NG-16409_2018_0014_lib264273_5989_1_1.fastq.gz, NG-16409_2018_0014_lib264273_5989_1_2.fastq.gz",EndLESS,Netherlands,Lelystad,Illumina_sequencing,V5_V6,F784 - R1064,[AG]GGATTAGATACCC,CGAC[AG][AG]CCATGCA[ACGT]CACCT,broiler,11327,Faeces,37,yes,pen_6,107,H6K3D21,21_days,Faeces,v,Low_fermentative,Low_fermentativeH6K3D21
H6K4D21,GAACTAAG,2,P,"NG-16409_2018_0014_lib264273_5989_1_1.fastq.gz, NG-16409_2018_0014_lib264273_5989_1_2.fastq.gz",EndLESS,Netherlands,Lelystad,Illumina_sequencing,V5_V6,F784 - R1064,[AG]GGATTAGATACCC,CGAC[AG][AG]CCATGCA[ACGT]CACCT,broiler,11328,Faeces,38,yes,pen_6,108,H6K4D21,21_days,Faeces,m,Low_fermentative,Low_fermentativeH6K4D21
H5K3D21,GAAGCTCG,2,P,"NG-16409_2018_0014_lib264273_5989_1_1.fastq.gz, NG-16409_2018_0014_lib264273_5989_1_2.fastq.gz",EndLESS,Netherlands,Lelystad,Illumina_sequencing,V5_V6,F784 - R1064,[AG]GGATTAGATACCC,CGAC[AG][AG]CCATGCA[ACGT]CACCT,broiler,11325,Faeces,39,yes,pen_5,109,H5K3D21,21_days,Faeces,v,High_fermentative,High_fermentativeH5K3D21
H5K4D21,GAGTTATA,2,P,"NG-16409_2018_0014_lib264273_5989_1_1.fastq.gz, NG-16409_2018_0014_lib264273_5989_1_2.fastq.gz",EndLESS,Netherlands,Lelystad,Illumina_sequencing,V5_V6,F784 - R1064,[AG]GGATTAGATACCC,CGAC[AG][AG]CCATGCA[ACGT]CACCT,broiler,11326,Faeces,40,yes,pen_5,110,H5K4D21,21_days,Faeces,m,High_fermentative,High_fermentativeH5K4D21
H4K3D21,GATGAATG,2,P,"NG-16409_2018_0014_lib264273_5989_1_1.fastq.gz, NG-16409_2018_0014_lib264273_5989_1_2.fastq.gz",EndLESS,Netherlands,Lelystad,Illumina_sequencing,V5_V6,F784 - R1064,[AG]GGATTAGATACCC,CGAC[AG][AG]CCATGCA[ACGT]CACCT,broiler,11323,Faeces,41,yes,pen_4,111,H4K3D21,21_days,Faeces,m,High_fermentative,High_fermentativeH4K3D21
H4K4D21,GATGATAA,2,P,"NG-16409_2018_0014_lib264273_5989_1_1.fastq.gz, NG-16409_2018_0014_lib264273_5989_1_2.fastq.gz",EndLESS,Netherlands,Lelystad,Illumina_sequencing,V5_V6,F784 - R1064,[AG]GGATTAGATACCC,CGAC[AG][AG]CCATGCA[ACGT]CACCT,broiler,11324,Faeces,42,yes,pen_4,112,H4K4D21,21_days,Faeces,v,High_fermentative,High_fermentativeH4K4D21
H3K3D21,GATGCGCT,2,P,"NG-16409_2018_0014_lib264273_5989_1_1.fastq.gz, NG-16409_2018_0014_lib264273_5989_1_2.fastq.gz",EndLESS,Netherlands,Lelystad,Illumina_sequencing,V5_V6,F784 - R1064,[AG]GGATTAGATACCC,CGAC[AG][AG]CCATGCA[ACGT]CACCT,broiler,11321,Faeces,43,yes,pen_3,113,H3K3D21,21_days,Faeces,m,High_fermentative,High_fermentativeH3K3D21
H3K4D21,GCCAGGTT,2,P,"NG-16409_2018_0014_lib264273_5989_1_1.fastq.gz, NG-16409_2018_0014_lib264273_5989_1_2.fastq.gz",EndLESS,Netherlands,Lelystad,Illumina_sequencing,V5_V6,F784 - R1064,[AG]GGATTAGATACCC,CGAC[AG][AG]CCATGCA[ACGT]CACCT,broiler,11322,Faeces,44,yes,pen_3,114,H3K4D21,21_days,Faeces,v,High_fermentative,High_fermentativeH3K4D21
H2K3D21,GCCTTAAG,2,P,"NG-16409_2018_0014_lib264273_5989_1_1.fastq.gz, NG-16409_2018_0014_lib264273_5989_1_2.fastq.gz",EndLESS,Netherlands,Lelystad,Illumina_sequencing,V5_V6,F784 - R1064,[AG]GGATTAGATACCC,CGAC[AG][AG]CCATGCA[ACGT]CACCT,broiler,11319,Faeces,45,yes,pen_2,115,H2K3D21,21_days,Faeces,v,Low_fermentative,Low_fermentativeH2K3D21
H2K4D21,GCTAATCT,2,P,"NG-16409_2018_0014_lib264273_5989_1_1.fastq.gz, NG-16409_2018_0014_lib264273_5989_1_2.fastq.gz",EndLESS,Netherlands,Lelystad,Illumina_sequencing,V5_V6,F784 - R1064,[AG]GGATTAGATACCC,CGAC[AG][AG]CCATGCA[ACGT]CACCT,broiler,11320,Faeces,46,yes,pen_2,116,H2K4D21,21_days,Faeces,m,Low_fermentative,Low_fermentativeH2K4D21
H1K3D21,GGAGCGCA,2,P,"NG-16409_2018_0014_lib264273_5989_1_1.fastq.gz, NG-16409_2018_0014_lib264273_5989_1_2.fastq.gz",EndLESS,Netherlands,Lelystad,Illumina_sequencing,V5_V6,F784 - R1064,[AG]GGATTAGATACCC,CGAC[AG][AG]CCATGCA[ACGT]CACCT,broiler,11317,Faeces,47,yes,pen_1,117,H1K3D21,21_days,Faeces,m,Low_fermentative,Low_fermentativeH1K3D21
H1K4D21,GGAGTATG,2,P,"NG-16409_2018_0014_lib264273_5989_1_1.fastq.gz, NG-16409_2018_0014_lib264273_5989_1_2.fastq.gz",EndLESS,Netherlands,Lelystad,Illumina_sequencing,V5_V6,F784 - R1064,[AG]GGATTAGATACCC,CGAC[AG][AG]CCATGCA[ACGT]CACCT,broiler,11318,Faeces,48,yes,pen_1,118,H1K4D21,21_days,Faeces,v,Low_fermentative,Low_fermentativeH1K4D21
H8K3D35,GGTACCAA,2,P,"NG-16409_2018_0014_lib264273_5989_1_1.fastq.gz, NG-16409_2018_0014_lib264273_5989_1_2.fastq.gz",EndLESS,Netherlands,Lelystad,Illumina_sequencing,V5_V6,F784 - R1064,[AG]GGATTAGATACCC,CGAC[AG][AG]CCATGCA[ACGT]CACCT,broiler,11331,Faeces,49,yes,pen_8,119,H8K3D35,35_days,Faeces,v,High_fermentative,High_fermentativeH8K3D35
H8K4D35,GGTAGAAT,2,P,"NG-16409_2018_0014_lib264273_5989_1_1.fastq.gz, NG-16409_2018_0014_lib264273_5989_1_2.fastq.gz",EndLESS,Netherlands,Lelystad,Illumina_sequencing,V5_V6,F784 - R1064,[AG]GGATTAGATACCC,CGAC[AG][AG]CCATGCA[ACGT]CACCT,broiler,11332,Faeces,50,yes,pen_8,120,H8K4D35,35_days,Faeces,m,High_fermentative,High_fermentativeH8K4D35
H7K3D35,GTCCGCAA,2,P,"NG-16409_2018_0014_lib264273_5989_1_1.fastq.gz, NG-16409_2018_0014_lib264273_5989_1_2.fastq.gz",EndLESS,Netherlands,Lelystad,Illumina_sequencing,V5_V6,F784 - R1064,[AG]GGATTAGATACCC,CGAC[AG][AG]CCATGCA[ACGT]CACCT,broiler,11329,Faeces,51,yes,pen_7,121,H7K3D35,35_days,Faeces,m,Low_fermentative,Low_fermentativeH7K3D35
H7K4D35,GTTAAGTT,2,P,"NG-16409_2018_0014_lib264273_5989_1_1.fastq.gz, NG-16409_2018_0014_lib264273_5989_1_2.fastq.gz",EndLESS,Netherlands,Lelystad,Illumina_sequencing,V5_V6,F784 - R1064,[AG]GGATTAGATACCC,CGAC[AG][AG]CCATGCA[ACGT]CACCT,broiler,11330,Faeces,52,yes,pen_7,122,H7K4D35,35_days,Faeces,v,Low_fermentative,Low_fermentativeH7K4D35
H6K3D35,GTTCTACG,2,P,"NG-16409_2018_0014_lib264273_5989_1_1.fastq.gz, NG-16409_2018_0014_lib264273_5989_1_2.fastq.gz",EndLESS,Netherlands,Lelystad,Illumina_sequencing,V5_V6,F784 - R1064,[AG]GGATTAGATACCC,CGAC[AG][AG]CCATGCA[ACGT]CACCT,broiler,11327,Faeces,53,yes,pen_6,123,H6K3D35,35_days,Faeces,v,Low_fermentative,Low_fermentativeH6K3D35
H6K4D35,TATTGCGC,2,P,"NG-16409_2018_0014_lib264273_5989_1_1.fastq.gz, NG-16409_2018_0014_lib264273_5989_1_2.fastq.gz",EndLESS,Netherlands,Lelystad,Illumina_sequencing,V5_V6,F784 - R1064,[AG]GGATTAGATACCC,CGAC[AG][AG]CCATGCA[ACGT]CACCT,broiler,11328,Faeces,54,yes,pen_6,124,H6K4D35,35_days,Faeces,m,Low_fermentative,Low_fermentativeH6K4D35
H5K3D35,TCAGCGAG,2,P,"NG-16409_2018_0014_lib264273_5989_1_1.fastq.gz, NG-16409_2018_0014_lib264273_5989_1_2.fastq.gz",EndLESS,Netherlands,Lelystad,Illumina_sequencing,V5_V6,F784 - R1064,[AG]GGATTAGATACCC,CGAC[AG][AG]CCATGCA[ACGT]CACCT,broiler,11325,Faeces,55,yes,pen_5,125,H5K3D35,35_days,Faeces,v,High_fermentative,High_fermentativeH5K3D35
H5K4D35,TCATTCCG,2,P,"NG-16409_2018_0014_lib264273_5989_1_1.fastq.gz, NG-16409_2018_0014_lib264273_5989_1_2.fastq.gz",EndLESS,Netherlands,Lelystad,Illumina_sequencing,V5_V6,F784 - R1064,[AG]GGATTAGATACCC,CGAC[AG][AG]CCATGCA[ACGT]CACCT,broiler,11326,Faeces,56,yes,pen_5,126,H5K4D35,35_days,Faeces,m,High_fermentative,High_fermentativeH5K4D35
H4K3D35,TCCGTATA,2,P,"NG-16409_2018_0014_lib264273_5989_1_1.fastq.gz, NG-16409_2018_0014_lib264273_5989_1_2.fastq.gz",EndLESS,Netherlands,Lelystad,Illumina_sequencing,V5_V6,F784 - R1064,[AG]GGATTAGATACCC,CGAC[AG][AG]CCATGCA[ACGT]CACCT,broiler,11323,Faeces,57,yes,pen_4,127,H4K3D35,35_days,Faeces,m,High_fermentative,High_fermentativeH4K3D35
H4K4D35,TCCTCCGC,2,P,"NG-16409_2018_0014_lib264273_5989_1_1.fastq.gz, NG-16409_2018_0014_lib264273_5989_1_2.fastq.gz",EndLESS,Netherlands,Lelystad,Illumina_sequencing,V5_V6,F784 - R1064,[AG]GGATTAGATACCC,CGAC[AG][AG]CCATGCA[ACGT]CACCT,broiler,11324,Faeces,58,yes,pen_4,128,H4K4D35,35_days,Faeces,v,High_fermentative,High_fermentativeH4K4D35
H3K3D35,TCGAATAA,2,P,"NG-16409_2018_0014_lib264273_5989_1_1.fastq.gz, NG-16409_2018_0014_lib264273_5989_1_2.fastq.gz",EndLESS,Netherlands,Lelystad,Illumina_sequencing,V5_V6,F784 - R1064,[AG]GGATTAGATACCC,CGAC[AG][AG]CCATGCA[ACGT]CACCT,broiler,11321,Faeces,59,yes,pen_3,129,H3K3D35,35_days,Faeces,m,High_fermentative,High_fermentativeH3K3D35
H3K4D35,TCGATATT,2,P,"NG-16409_2018_0014_lib264273_5989_1_1.fastq.gz, NG-16409_2018_0014_lib264273_5989_1_2.fastq.gz",EndLESS,Netherlands,Lelystad,Illumina_sequencing,V5_V6,F784 - R1064,[AG]GGATTAGATACCC,CGAC[AG][AG]CCATGCA[ACGT]CACCT,broiler,11322,Faeces,60,yes,pen_3,130,H3K4D35,35_days,Faeces,v,High_fermentative,High_fermentativeH3K4D35
H2K3D35,TCTATTCG,2,P,"NG-16409_2018_0014_lib264273_5989_1_1.fastq.gz, NG-16409_2018_0014_lib264273_5989_1_2.fastq.gz",EndLESS,Netherlands,Lelystad,Illumina_sequencing,V5_V6,F784 - R1064,[AG]GGATTAGATACCC,CGAC[AG][AG]CCATGCA[ACGT]CACCT,broiler,11319,Faeces,61,yes,pen_2,131,H2K3D35,35_days,Faeces,v,Low_fermentative,Low_fermentativeH2K3D35
H2K4D35,TGACTCAA,2,P,"NG-16409_2018_0014_lib264273_5989_1_1.fastq.gz, NG-16409_2018_0014_lib264273_5989_1_2.fastq.gz",EndLESS,Netherlands,Lelystad,Illumina_sequencing,V5_V6,F784 - R1064,[AG]GGATTAGATACCC,CGAC[AG][AG]CCATGCA[ACGT]CACCT,broiler,11320,Faeces,62,yes,pen_2,132,H2K4D35,35_days,Faeces,m,Low_fermentative,Low_fermentativeH2K4D35
H1K3D35,TGATCTCA,2,P,"NG-16409_2018_0014_lib264273_5989_1_1.fastq.gz, NG-16409_2018_0014_lib264273_5989_1_2.fastq.gz",EndLESS,Netherlands,Lelystad,Illumina_sequencing,V5_V6,F784 - R1064,[AG]GGATTAGATACCC,CGAC[AG][AG]CCATGCA[ACGT]CACCT,broiler,11317,Faeces,63,yes,pen_1,133,H1K3D35,35_days,Faeces,m,Low_fermentative,Low_fermentativeH1K3D35
H1K4D35,TGCCTGCG,2,P,"NG-16409_2018_0014_lib264273_5989_1_1.fastq.gz, NG-16409_2018_0014_lib264273_5989_1_2.fastq.gz",EndLESS,Netherlands,Lelystad,Illumina_sequencing,V5_V6,F784 - R1064,[AG]GGATTAGATACCC,CGAC[AG][AG]CCATGCA[ACGT]CACCT,broiler,11318,Faeces,64,yes,pen_1,134,H1K4D35,35_days,Faeces,v,Low_fermentative,Low_fermentativeH1K4D35
H2K4D4s,TGGTAATT,2,P,"NG-16409_2018_0014_lib264273_5989_1_1.fastq.gz, NG-16409_2018_0014_lib264273_5989_1_2.fastq.gz",EndLESS,Netherlands,Lelystad,Illumina_sequencing,V5_V6,F784 - R1064,[AG]GGATTAGATACCC,CGAC[AG][AG]CCATGCA[ACGT]CACCT,broiler,11320,Faeces,65,no,pen_2,135,H2K4D4s,04_days,Faeces,m,Low_fermentative,Low_fermentativeH2K4D4s
H1K3D4s,TGGTATGA,2,P,"NG-16409_2018_0014_lib264273_5989_1_1.fastq.gz, NG-16409_2018_0014_lib264273_5989_1_2.fastq.gz",EndLESS,Netherlands,Lelystad,Illumina_sequencing,V5_V6,F784 - R1064,[AG]GGATTAGATACCC,CGAC[AG][AG]CCATGCA[ACGT]CACCT,broiler,11317,Faeces,66,no,pen_1,136,H1K3D4s,04_days,Faeces,m,Low_fermentative,Low_fermentativeH1K3D4s
H1K4D4s,TTAGGATG,2,P,"NG-16409_2018_0014_lib264273_5989_1_1.fastq.gz, NG-16409_2018_0014_lib264273_5989_1_2.fastq.gz",EndLESS,Netherlands,Lelystad,Illumina_sequencing,V5_V6,F784 - R1064,[AG]GGATTAGATACCC,CGAC[AG][AG]CCATGCA[ACGT]CACCT,broiler,11318,Faeces,67,no,pen_1,137,H1K4D4s,04_days,Faeces,v,Low_fermentative,Low_fermentativeH1K4D4s
Water2,TTGACTAG,2,P,"NG-16409_2018_0014_lib264273_5989_1_1.fastq.gz, NG-16409_2018_0014_lib264273_5989_1_2.fastq.gz",EndLESS,Netherlands,Lelystad,Illumina_sequencing,V5_V6,F784 - R1064,[AG]GGATTAGATACCC,CGAC[AG][AG]CCATGCA[ACGT]CACCT,broiler,Water,Water,68,yes,Water,138,Water2,Water,Water,Water,Water,WaterWater2
Mock3.2,TTGATCCA,2,P,"NG-16409_2018_0014_lib264273_5989_1_1.fastq.gz, NG-16409_2018_0014_lib264273_5989_1_2.fastq.gz",EndLESS,Netherlands,Lelystad,Illumina_sequencing,V5_V6,F784 - R1064,[AG]GGATTAGATACCC,CGAC[AG][AG]CCATGCA[ACGT]CACCT,broiler,Mock3,Mock3,69,yes,Mock3,139,Mock3.2,Mock3,Mock3,Mock3,Mock3,Mock3Mock3.2
Mock4.2,TTGCATAT,2,P,"NG-16409_2018_0014_lib264273_5989_1_1.fastq.gz, NG-16409_2018_0014_lib264273_5989_1_2.fastq.gz",EndLESS,Netherlands,Lelystad,Illumina_sequencing,V5_V6,F784 - R1064,[AG]GGATTAGATACCC,CGAC[AG][AG]CCATGCA[ACGT]CACCT,broiler,Mock4,Mock4,70,yes,Mock4,140,Mock4.2,Mock4,Mock4,Mock4,Mock4,Mock4Mock4.2
H1K1CA,AACCAGAA,3,P,"NG-18465_2018_0042_lib307462_6275_1_1.fastq.gz, NG-18465_2018_0042_lib307462_6275_1_2.fastq.gz",EndLESS,Netherlands,Lelystad,Illumina_sequencing,V5_V6,F784 - R1064,[AG]GGATTAGATACCC,CGAC[AG][AG]CCATGCA[ACGT]CACCT,broiler,11301,Digesta,1,yes,pen_1,141,H1K1CA,36_days,Caecum,m,Low_fermentative,Low_fermentativeH1K1CA
H2K1CA,AACCATGC,3,P,"NG-18465_2018_0042_lib307462_6275_1_1.fastq.gz, NG-18465_2018_0042_lib307462_6275_1_2.fastq.gz",EndLESS,Netherlands,Lelystad,Illumina_sequencing,V5_V6,F784 - R1064,[AG]GGATTAGATACCC,CGAC[AG][AG]CCATGCA[ACGT]CACCT,broiler,11303,Digesta,2,yes,pen_2,142,H2K1CA,36_days,Caecum,m,Low_fermentative,Low_fermentativeH2K1CA
H3K1CA,AACGGCGC,3,P,"NG-18465_2018_0042_lib307462_6275_1_1.fastq.gz, NG-18465_2018_0042_lib307462_6275_1_2.fastq.gz",EndLESS,Netherlands,Lelystad,Illumina_sequencing,V5_V6,F784 - R1064,[AG]GGATTAGATACCC,CGAC[AG][AG]CCATGCA[ACGT]CACCT,broiler,11305,Digesta,3,yes,pen_3,143,H3K1CA,36_days,Caecum,v,High_fermentative,High_fermentativeH3K1CA
H4K1CA,AAGGAGCG,3,P,"NG-18465_2018_0042_lib307462_6275_1_1.fastq.gz, NG-18465_2018_0042_lib307462_6275_1_2.fastq.gz",EndLESS,Netherlands,Lelystad,Illumina_sequencing,V5_V6,F784 - R1064,[AG]GGATTAGATACCC,CGAC[AG][AG]CCATGCA[ACGT]CACCT,broiler,11307,Digesta,4,yes,pen_4,144,H4K1CA,36_days,Caecum,m,High_fermentative,High_fermentativeH4K1CA
H5K1CA,ACCAATTA,3,P,"NG-18465_2018_0042_lib307462_6275_1_1.fastq.gz, NG-18465_2018_0042_lib307462_6275_1_2.fastq.gz",EndLESS,Netherlands,Lelystad,Illumina_sequencing,V5_V6,F784 - R1064,[AG]GGATTAGATACCC,CGAC[AG][AG]CCATGCA[ACGT]CACCT,broiler,11309,Digesta,5,yes,pen_5,145,H5K1CA,36_days,Caecum,m,High_fermentative,High_fermentativeH5K1CA
H6K1CA,ACCGGAAT,3,P,"NG-18465_2018_0042_lib307462_6275_1_1.fastq.gz, NG-18465_2018_0042_lib307462_6275_1_2.fastq.gz",EndLESS,Netherlands,Lelystad,Illumina_sequencing,V5_V6,F784 - R1064,[AG]GGATTAGATACCC,CGAC[AG][AG]CCATGCA[ACGT]CACCT,broiler,11311,Digesta,6,yes,pen_6,146,H6K1CA,36_days,Caecum,v,Low_fermentative,Low_fermentativeH6K1CA
H7K1CA,ACGCTCGC,3,P,"NG-18465_2018_0042_lib307462_6275_1_1.fastq.gz, NG-18465_2018_0042_lib307462_6275_1_2.fastq.gz",EndLESS,Netherlands,Lelystad,Illumina_sequencing,V5_V6,F784 - R1064,[AG]GGATTAGATACCC,CGAC[AG][AG]CCATGCA[ACGT]CACCT,broiler,11313,Digesta,7,yes,pen_7,147,H7K1CA,36_days,Caecum,m,Low_fermentative,Low_fermentativeH7K1CA
H8K1CA,AGACCTGC,3,P,"NG-18465_2018_0042_lib307462_6275_1_1.fastq.gz, NG-18465_2018_0042_lib307462_6275_1_2.fastq.gz",EndLESS,Netherlands,Lelystad,Illumina_sequencing,V5_V6,F784 - R1064,[AG]GGATTAGATACCC,CGAC[AG][AG]CCATGCA[ACGT]CACCT,broiler,11315,Digesta,8,yes,pen_8,148,H8K1CA,36_days,Caecum,m,High_fermentative,High_fermentativeH8K1CA
H1K2CA,AGCAGATT,3,P,"NG-18465_2018_0042_lib307462_6275_1_1.fastq.gz, NG-18465_2018_0042_lib307462_6275_1_2.fastq.gz",EndLESS,Netherlands,Lelystad,Illumina_sequencing,V5_V6,F784 - R1064,[AG]GGATTAGATACCC,CGAC[AG][AG]CCATGCA[ACGT]CACCT,broiler,11302,Digesta,9,yes,pen_1,149,H1K2CA,36_days,Caecum,v,Low_fermentative,Low_fermentativeH1K2CA
H2K2CA,AGCTTCGC,3,P,"NG-18465_2018_0042_lib307462_6275_1_1.fastq.gz, NG-18465_2018_0042_lib307462_6275_1_2.fastq.gz",EndLESS,Netherlands,Lelystad,Illumina_sequencing,V5_V6,F784 - R1064,[AG]GGATTAGATACCC,CGAC[AG][AG]CCATGCA[ACGT]CACCT,broiler,11304,Digesta,10,yes,pen_2,150,H2K2CA,36_days,Caecum,v,Low_fermentative,Low_fermentativeH2K2CA
H3K2CA,AGGTCGAA,3,P,"NG-18465_2018_0042_lib307462_6275_1_1.fastq.gz, NG-18465_2018_0042_lib307462_6275_1_2.fastq.gz",EndLESS,Netherlands,Lelystad,Illumina_sequencing,V5_V6,F784 - R1064,[AG]GGATTAGATACCC,CGAC[AG][AG]CCATGCA[ACGT]CACCT,broiler,11306,Digesta,11,yes,pen_3,151,H3K2CA,36_days,Caecum,m,High_fermentative,High_fermentativeH3K2CA
H4K2CA,AGGTTATG,3,P,"NG-18465_2018_0042_lib307462_6275_1_1.fastq.gz, NG-18465_2018_0042_lib307462_6275_1_2.fastq.gz",EndLESS,Netherlands,Lelystad,Illumina_sequencing,V5_V6,F784 - R1064,[AG]GGATTAGATACCC,CGAC[AG][AG]CCATGCA[ACGT]CACCT,broiler,11308,Digesta,12,yes,pen_4,152,H4K2CA,36_days,Caecum,v,High_fermentative,High_fermentativeH4K2CA
H5K2CA,AGTCGCGC,3,P,"NG-18465_2018_0042_lib307462_6275_1_1.fastq.gz, NG-18465_2018_0042_lib307462_6275_1_2.fastq.gz",EndLESS,Netherlands,Lelystad,Illumina_sequencing,V5_V6,F784 - R1064,[AG]GGATTAGATACCC,CGAC[AG][AG]CCATGCA[ACGT]CACCT,broiler,11310,Digesta,13,yes,pen_5,153,H5K2CA,36_days,Caecum,v,High_fermentative,High_fermentativeH5K2CA
H6K2CA,AGTTATGC,3,P,"NG-18465_2018_0042_lib307462_6275_1_1.fastq.gz, NG-18465_2018_0042_lib307462_6275_1_2.fastq.gz",EndLESS,Netherlands,Lelystad,Illumina_sequencing,V5_V6,F784 - R1064,[AG]GGATTAGATACCC,CGAC[AG][AG]CCATGCA[ACGT]CACCT,broiler,11312,Digesta,14,yes,pen_6,154,H6K2CA,36_days,Caecum,m,Low_fermentative,Low_fermentativeH6K2CA
H7K2CA,ATATCCGC,3,P,"NG-18465_2018_0042_lib307462_6275_1_1.fastq.gz, NG-18465_2018_0042_lib307462_6275_1_2.fastq.gz",EndLESS,Netherlands,Lelystad,Illumina_sequencing,V5_V6,F784 - R1064,[AG]GGATTAGATACCC,CGAC[AG][AG]CCATGCA[ACGT]CACCT,broiler,11314,Digesta,15,yes,pen_7,155,H7K2CA,36_days,Caecum,v,Low_fermentative,Low_fermentativeH7K2CA
H8K2CA,ATGCCGGA,3,P,"NG-18465_2018_0042_lib307462_6275_1_1.fastq.gz, NG-18465_2018_0042_lib307462_6275_1_2.fastq.gz",EndLESS,Netherlands,Lelystad,Illumina_sequencing,V5_V6,F784 - R1064,[AG]GGATTAGATACCC,CGAC[AG][AG]CCATGCA[ACGT]CACCT,broiler,11316,Digesta,16,yes,pen_8,156,H8K2CA,36_days,Caecum,v,High_fermentative,High_fermentativeH8K2CA
H1K3CA,ATGCGATT,3,P,"NG-18465_2018_0042_lib307462_6275_1_1.fastq.gz, NG-18465_2018_0042_lib307462_6275_1_2.fastq.gz",EndLESS,Netherlands,Lelystad,Illumina_sequencing,V5_V6,F784 - R1064,[AG]GGATTAGATACCC,CGAC[AG][AG]CCATGCA[ACGT]CACCT,broiler,11317,Digesta,17,yes,pen_1,157,H1K3CA,36_days,Caecum,m,Low_fermentative,Low_fermentativeH1K3CA
H2K3CA,CAACCTCT,3,P,"NG-18465_2018_0042_lib307462_6275_1_1.fastq.gz, NG-18465_2018_0042_lib307462_6275_1_2.fastq.gz",EndLESS,Netherlands,Lelystad,Illumina_sequencing,V5_V6,F784 - R1064,[AG]GGATTAGATACCC,CGAC[AG][AG]CCATGCA[ACGT]CACCT,broiler,11319,Digesta,18,yes,pen_2,158,H2K3CA,36_days,Caecum,v,Low_fermentative,Low_fermentativeH2K3CA
H3K3CA,CAACGAGG,3,P,"NG-18465_2018_0042_lib307462_6275_1_1.fastq.gz, NG-18465_2018_0042_lib307462_6275_1_2.fastq.gz",EndLESS,Netherlands,Lelystad,Illumina_sequencing,V5_V6,F784 - R1064,[AG]GGATTAGATACCC,CGAC[AG][AG]CCATGCA[ACGT]CACCT,broiler,11321,Digesta,19,yes,pen_3,159,H3K3CA,36_days,Caecum,m,High_fermentative,High_fermentativeH3K3CA
H4K3CA,CATAAGCG,3,P,"NG-18465_2018_0042_lib307462_6275_1_1.fastq.gz, NG-18465_2018_0042_lib307462_6275_1_2.fastq.gz",EndLESS,Netherlands,Lelystad,Illumina_sequencing,V5_V6,F784 - R1064,[AG]GGATTAGATACCC,CGAC[AG][AG]CCATGCA[ACGT]CACCT,broiler,11323,Digesta,20,yes,pen_4,160,H4K3CA,36_days,Caecum,m,High_fermentative,High_fermentativeH4K3CA
H5K3CA,CATGATGC,3,P,"NG-18465_2018_0042_lib307462_6275_1_1.fastq.gz, NG-18465_2018_0042_lib307462_6275_1_2.fastq.gz",EndLESS,Netherlands,Lelystad,Illumina_sequencing,V5_V6,F784 - R1064,[AG]GGATTAGATACCC,CGAC[AG][AG]CCATGCA[ACGT]CACCT,broiler,11325,Digesta,21,yes,pen_5,161,H5K3CA,36_days,Caecum,v,High_fermentative,High_fermentativeH5K3CA
H6K3CA,CATTGCCA,3,P,"NG-18465_2018_0042_lib307462_6275_1_1.fastq.gz, NG-18465_2018_0042_lib307462_6275_1_2.fastq.gz",EndLESS,Netherlands,Lelystad,Illumina_sequencing,V5_V6,F784 - R1064,[AG]GGATTAGATACCC,CGAC[AG][AG]CCATGCA[ACGT]CACCT,broiler,11327,Digesta,22,yes,pen_6,162,H6K3CA,36_days,Caecum,v,Low_fermentative,Low_fermentativeH6K3CA
H7K3CA,CCATGCGC,3,P,"NG-18465_2018_0042_lib307462_6275_1_1.fastq.gz, NG-18465_2018_0042_lib307462_6275_1_2.fastq.gz",EndLESS,Netherlands,Lelystad,Illumina_sequencing,V5_V6,F784 - R1064,[AG]GGATTAGATACCC,CGAC[AG][AG]CCATGCA[ACGT]CACCT,broiler,11329,Digesta,23,yes,pen_7,163,H7K3CA,36_days,Caecum,m,Low_fermentative,Low_fermentativeH7K3CA
H8K3CA,CCATTATG,3,P,"NG-18465_2018_0042_lib307462_6275_1_1.fastq.gz, NG-18465_2018_0042_lib307462_6275_1_2.fastq.gz",EndLESS,Netherlands,Lelystad,Illumina_sequencing,V5_V6,F784 - R1064,[AG]GGATTAGATACCC,CGAC[AG][AG]CCATGCA[ACGT]CACCT,broiler,11331,Digesta,24,yes,pen_8,164,H8K3CA,36_days,Caecum,v,High_fermentative,High_fermentativeH8K3CA
H1K4CA,CCGTACTA,3,P,"NG-18465_2018_0042_lib307462_6275_1_1.fastq.gz, NG-18465_2018_0042_lib307462_6275_1_2.fastq.gz",EndLESS,Netherlands,Lelystad,Illumina_sequencing,V5_V6,F784 - R1064,[AG]GGATTAGATACCC,CGAC[AG][AG]CCATGCA[ACGT]CACCT,broiler,11318,Digesta,25,yes,pen_1,165,H1K4CA,36_days,Caecum,v,Low_fermentative,Low_fermentativeH1K4CA
H2K4CA,CCGTCTGC,3,P,"NG-18465_2018_0042_lib307462_6275_1_1.fastq.gz, NG-18465_2018_0042_lib307462_6275_1_2.fastq.gz",EndLESS,Netherlands,Lelystad,Illumina_sequencing,V5_V6,F784 - R1064,[AG]GGATTAGATACCC,CGAC[AG][AG]CCATGCA[ACGT]CACCT,broiler,11320,Digesta,26,yes,pen_2,166,H2K4CA,36_days,Caecum,m,Low_fermentative,Low_fermentativeH2K4CA
H3K4CA,CGCAAGCT,3,P,"NG-18465_2018_0042_lib307462_6275_1_1.fastq.gz, NG-18465_2018_0042_lib307462_6275_1_2.fastq.gz",EndLESS,Netherlands,Lelystad,Illumina_sequencing,V5_V6,F784 - R1064,[AG]GGATTAGATACCC,CGAC[AG][AG]CCATGCA[ACGT]CACCT,broiler,11322,Digesta,27,yes,pen_3,167,H3K4CA,36_days,Caecum,v,High_fermentative,High_fermentativeH3K4CA
H4K4CA,CGGAAGAG,3,P,"NG-18465_2018_0042_lib307462_6275_1_1.fastq.gz, NG-18465_2018_0042_lib307462_6275_1_2.fastq.gz",EndLESS,Netherlands,Lelystad,Illumina_sequencing,V5_V6,F784 - R1064,[AG]GGATTAGATACCC,CGAC[AG][AG]CCATGCA[ACGT]CACCT,broiler,11324,Digesta,28,yes,pen_4,168,H4K4CA,36_days,Caecum,v,High_fermentative,High_fermentativeH4K4CA
H5K4CA,CTAGGAGA,3,P,"NG-18465_2018_0042_lib307462_6275_1_1.fastq.gz, NG-18465_2018_0042_lib307462_6275_1_2.fastq.gz",EndLESS,Netherlands,Lelystad,Illumina_sequencing,V5_V6,F784 - R1064,[AG]GGATTAGATACCC,CGAC[AG][AG]CCATGCA[ACGT]CACCT,broiler,11326,Digesta,29,yes,pen_5,169,H5K4CA,36_days,Caecum,m,High_fermentative,High_fermentativeH5K4CA
H6K4CA,CTCAGCGC,3,P,"NG-18465_2018_0042_lib307462_6275_1_1.fastq.gz, NG-18465_2018_0042_lib307462_6275_1_2.fastq.gz",EndLESS,Netherlands,Lelystad,Illumina_sequencing,V5_V6,F784 - R1064,[AG]GGATTAGATACCC,CGAC[AG][AG]CCATGCA[ACGT]CACCT,broiler,11328,Digesta,30,yes,pen_6,170,H6K4CA,36_days,Caecum,m,Low_fermentative,Low_fermentativeH6K4CA
H7K4CA,CTCAGTCT,3,P,"NG-18465_2018_0042_lib307462_6275_1_1.fastq.gz, NG-18465_2018_0042_lib307462_6275_1_2.fastq.gz",EndLESS,Netherlands,Lelystad,Illumina_sequencing,V5_V6,F784 - R1064,[AG]GGATTAGATACCC,CGAC[AG][AG]CCATGCA[ACGT]CACCT,broiler,11330,Digesta,31,yes,pen_7,171,H7K4CA,36_days,Caecum,v,Low_fermentative,Low_fermentativeH7K4CA
H8K4CA,CTCGCGTA,3,P,"NG-18465_2018_0042_lib307462_6275_1_1.fastq.gz, NG-18465_2018_0042_lib307462_6275_1_2.fastq.gz",EndLESS,Netherlands,Lelystad,Illumina_sequencing,V5_V6,F784 - R1064,[AG]GGATTAGATACCC,CGAC[AG][AG]CCATGCA[ACGT]CACCT,broiler,11332,Digesta,32,yes,pen_8,172,H8K4CA,36_days,Caecum,m,High_fermentative,High_fermentativeH8K4CA
H1K1IL,CTGCTGAA,3,P,"NG-18465_2018_0042_lib307462_6275_1_1.fastq.gz, NG-18465_2018_0042_lib307462_6275_1_2.fastq.gz",EndLESS,Netherlands,Lelystad,Illumina_sequencing,V5_V6,F784 - R1064,[AG]GGATTAGATACCC,CGAC[AG][AG]CCATGCA[ACGT]CACCT,broiler,11301,Digesta,33,yes,pen_1,173,H1K1IL,36_days,Ileum,m,Low_fermentative,Low_fermentativeH1K1IL
H2K1IL,CTTGCGAG,3,P,"NG-18465_2018_0042_lib307462_6275_1_1.fastq.gz, NG-18465_2018_0042_lib307462_6275_1_2.fastq.gz",EndLESS,Netherlands,Lelystad,Illumina_sequencing,V5_V6,F784 - R1064,[AG]GGATTAGATACCC,CGAC[AG][AG]CCATGCA[ACGT]CACCT,broiler,11303,Digesta,34,yes,pen_2,174,H2K1IL,36_days,Ileum,m,Low_fermentative,Low_fermentativeH2K1IL
H3K1IL,CTTGGCCT,3,P,"NG-18465_2018_0042_lib307462_6275_1_1.fastq.gz, NG-18465_2018_0042_lib307462_6275_1_2.fastq.gz",EndLESS,Netherlands,Lelystad,Illumina_sequencing,V5_V6,F784 - R1064,[AG]GGATTAGATACCC,CGAC[AG][AG]CCATGCA[ACGT]CACCT,broiler,11305,Digesta,35,yes,pen_3,175,H3K1IL,36_days,Ileum,v,High_fermentative,High_fermentativeH3K1IL
H4K1IL,GAACCGTT,3,P,"NG-18465_2018_0042_lib307462_6275_1_1.fastq.gz, NG-18465_2018_0042_lib307462_6275_1_2.fastq.gz",EndLESS,Netherlands,Lelystad,Illumina_sequencing,V5_V6,F784 - R1064,[AG]GGATTAGATACCC,CGAC[AG][AG]CCATGCA[ACGT]CACCT,broiler,11307,Digesta,36,yes,pen_4,176,H4K1IL,36_days,Ileum,m,High_fermentative,High_fermentativeH4K1IL
H5K1IL,GAACGTAT,3,P,"NG-18465_2018_0042_lib307462_6275_1_1.fastq.gz, NG-18465_2018_0042_lib307462_6275_1_2.fastq.gz",EndLESS,Netherlands,Lelystad,Illumina_sequencing,V5_V6,F784 - R1064,[AG]GGATTAGATACCC,CGAC[AG][AG]CCATGCA[ACGT]CACCT,broiler,11309,Digesta,37,yes,pen_5,177,H5K1IL,36_days,Ileum,m,High_fermentative,High_fermentativeH5K1IL
H6K1IL,GAACTAAG,3,P,"NG-18465_2018_0042_lib307462_6275_1_1.fastq.gz, NG-18465_2018_0042_lib307462_6275_1_2.fastq.gz",EndLESS,Netherlands,Lelystad,Illumina_sequencing,V5_V6,F784 - R1064,[AG]GGATTAGATACCC,CGAC[AG][AG]CCATGCA[ACGT]CACCT,broiler,11311,Digesta,38,yes,pen_6,178,H6K1IL,36_days,Ileum,v,Low_fermentative,Low_fermentativeH6K1IL
H7K1IL,GAAGCTCG,3,P,"NG-18465_2018_0042_lib307462_6275_1_1.fastq.gz, NG-18465_2018_0042_lib307462_6275_1_2.fastq.gz",EndLESS,Netherlands,Lelystad,Illumina_sequencing,V5_V6,F784 - R1064,[AG]GGATTAGATACCC,CGAC[AG][AG]CCATGCA[ACGT]CACCT,broiler,11313,Digesta,39,yes,pen_7,179,H7K1IL,36_days,Ileum,m,Low_fermentative,Low_fermentativeH7K1IL
H8K1IL,GAGTTATA,3,P,"NG-18465_2018_0042_lib307462_6275_1_1.fastq.gz, NG-18465_2018_0042_lib307462_6275_1_2.fastq.gz",EndLESS,Netherlands,Lelystad,Illumina_sequencing,V5_V6,F784 - R1064,[AG]GGATTAGATACCC,CGAC[AG][AG]CCATGCA[ACGT]CACCT,broiler,11315,Digesta,40,yes,pen_8,180,H8K1IL,36_days,Ileum,m,High_fermentative,High_fermentativeH8K1IL
H1K2IL,GATGAATG,3,P,"NG-18465_2018_0042_lib307462_6275_1_1.fastq.gz, NG-18465_2018_0042_lib307462_6275_1_2.fastq.gz",EndLESS,Netherlands,Lelystad,Illumina_sequencing,V5_V6,F784 - R1064,[AG]GGATTAGATACCC,CGAC[AG][AG]CCATGCA[ACGT]CACCT,broiler,11302,Digesta,41,yes,pen_1,181,H1K2IL,36_days,Ileum,v,Low_fermentative,Low_fermentativeH1K2IL
H2K2IL,GATGATAA,3,P,"NG-18465_2018_0042_lib307462_6275_1_1.fastq.gz, NG-18465_2018_0042_lib307462_6275_1_2.fastq.gz",EndLESS,Netherlands,Lelystad,Illumina_sequencing,V5_V6,F784 - R1064,[AG]GGATTAGATACCC,CGAC[AG][AG]CCATGCA[ACGT]CACCT,broiler,11304,Digesta,42,yes,pen_2,182,H2K2IL,36_days,Ileum,v,Low_fermentative,Low_fermentativeH2K2IL
H3K2IL,GATGCGCT,3,P,"NG-18465_2018_0042_lib307462_6275_1_1.fastq.gz, NG-18465_2018_0042_lib307462_6275_1_2.fastq.gz",EndLESS,Netherlands,Lelystad,Illumina_sequencing,V5_V6,F784 - R1064,[AG]GGATTAGATACCC,CGAC[AG][AG]CCATGCA[ACGT]CACCT,broiler,11306,Digesta,43,yes,pen_3,183,H3K2IL,36_days,Ileum,m,High_fermentative,High_fermentativeH3K2IL
H4K2IL,GCCAGGTT,3,P,"NG-18465_2018_0042_lib307462_6275_1_1.fastq.gz, NG-18465_2018_0042_lib307462_6275_1_2.fastq.gz",EndLESS,Netherlands,Lelystad,Illumina_sequencing,V5_V6,F784 - R1064,[AG]GGATTAGATACCC,CGAC[AG][AG]CCATGCA[ACGT]CACCT,broiler,11308,Digesta,44,yes,pen_4,184,H4K2IL,36_days,Ileum,v,High_fermentative,High_fermentativeH4K2IL
H5K2IL,GCCTTAAG,3,P,"NG-18465_2018_0042_lib307462_6275_1_1.fastq.gz, NG-18465_2018_0042_lib307462_6275_1_2.fastq.gz",EndLESS,Netherlands,Lelystad,Illumina_sequencing,V5_V6,F784 - R1064,[AG]GGATTAGATACCC,CGAC[AG][AG]CCATGCA[ACGT]CACCT,broiler,11310,Digesta,45,yes,pen_5,185,H5K2IL,36_days,Ileum,v,High_fermentative,High_fermentativeH5K2IL
H6K2IL,GCTAATCT,3,P,"NG-18465_2018_0042_lib307462_6275_1_1.fastq.gz, NG-18465_2018_0042_lib307462_6275_1_2.fastq.gz",EndLESS,Netherlands,Lelystad,Illumina_sequencing,V5_V6,F784 - R1064,[AG]GGATTAGATACCC,CGAC[AG][AG]CCATGCA[ACGT]CACCT,broiler,11312,Digesta,46,yes,pen_6,186,H6K2IL,36_days,Ileum,m,Low_fermentative,Low_fermentativeH6K2IL
H7K2IL,GGAGCGCA,3,P,"NG-18465_2018_0042_lib307462_6275_1_1.fastq.gz, NG-18465_2018_0042_lib307462_6275_1_2.fastq.gz",EndLESS,Netherlands,Lelystad,Illumina_sequencing,V5_V6,F784 - R1064,[AG]GGATTAGATACCC,CGAC[AG][AG]CCATGCA[ACGT]CACCT,broiler,11314,Digesta,47,yes,pen_7,187,H7K2IL,36_days,Ileum,v,Low_fermentative,Low_fermentativeH7K2IL
H8K2IL,GGAGTATG,3,P,"NG-18465_2018_0042_lib307462_6275_1_1.fastq.gz, NG-18465_2018_0042_lib307462_6275_1_2.fastq.gz",EndLESS,Netherlands,Lelystad,Illumina_sequencing,V5_V6,F784 - R1064,[AG]GGATTAGATACCC,CGAC[AG][AG]CCATGCA[ACGT]CACCT,broiler,11316,Digesta,48,yes,pen_8,188,H8K2IL,36_days,Ileum,v,High_fermentative,High_fermentativeH8K2IL
H1K3IL,GGTACCAA,3,P,"NG-18465_2018_0042_lib307462_6275_1_1.fastq.gz, NG-18465_2018_0042_lib307462_6275_1_2.fastq.gz",EndLESS,Netherlands,Lelystad,Illumina_sequencing,V5_V6,F784 - R1064,[AG]GGATTAGATACCC,CGAC[AG][AG]CCATGCA[ACGT]CACCT,broiler,11317,Digesta,49,yes,pen_1,189,H1K3IL,36_days,Ileum,m,Low_fermentative,Low_fermentativeH1K3IL
H2K3IL,GGTAGAAT,3,P,"NG-18465_2018_0042_lib307462_6275_1_1.fastq.gz, NG-18465_2018_0042_lib307462_6275_1_2.fastq.gz",EndLESS,Netherlands,Lelystad,Illumina_sequencing,V5_V6,F784 - R1064,[AG]GGATTAGATACCC,CGAC[AG][AG]CCATGCA[ACGT]CACCT,broiler,11319,Digesta,50,yes,pen_2,190,H2K3IL,36_days,Ileum,v,Low_fermentative,Low_fermentativeH2K3IL
H3K3IL,GTCCGCAA,3,P,"NG-18465_2018_0042_lib307462_6275_1_1.fastq.gz, NG-18465_2018_0042_lib307462_6275_1_2.fastq.gz",EndLESS,Netherlands,Lelystad,Illumina_sequencing,V5_V6,F784 - R1064,[AG]GGATTAGATACCC,CGAC[AG][AG]CCATGCA[ACGT]CACCT,broiler,11321,Digesta,51,yes,pen_3,191,H3K3IL,36_days,Ileum,m,High_fermentative,High_fermentativeH3K3IL
H4K3IL,GTTAAGTT,3,P,"NG-18465_2018_0042_lib307462_6275_1_1.fastq.gz, NG-18465_2018_0042_lib307462_6275_1_2.fastq.gz",EndLESS,Netherlands,Lelystad,Illumina_sequencing,V5_V6,F784 - R1064,[AG]GGATTAGATACCC,CGAC[AG][AG]CCATGCA[ACGT]CACCT,broiler,11323,Digesta,52,yes,pen_4,192,H4K3IL,36_days,Ileum,m,High_fermentative,High_fermentativeH4K3IL
H5K3IL,GTTCTACG,3,P,"NG-18465_2018_0042_lib307462_6275_1_1.fastq.gz, NG-18465_2018_0042_lib307462_6275_1_2.fastq.gz",EndLESS,Netherlands,Lelystad,Illumina_sequencing,V5_V6,F784 - R1064,[AG]GGATTAGATACCC,CGAC[AG][AG]CCATGCA[ACGT]CACCT,broiler,11325,Digesta,53,yes,pen_5,193,H5K3IL,36_days,Ileum,v,High_fermentative,High_fermentativeH5K3IL
H6K3IL,TATTGCGC,3,P,"NG-18465_2018_0042_lib307462_6275_1_1.fastq.gz, NG-18465_2018_0042_lib307462_6275_1_2.fastq.gz",EndLESS,Netherlands,Lelystad,Illumina_sequencing,V5_V6,F784 - R1064,[AG]GGATTAGATACCC,CGAC[AG][AG]CCATGCA[ACGT]CACCT,broiler,11327,Digesta,54,yes,pen_6,194,H6K3IL,36_days,Ileum,v,Low_fermentative,Low_fermentativeH6K3IL
H7K3IL,TCAGCGAG,3,P,"NG-18465_2018_0042_lib307462_6275_1_1.fastq.gz, NG-18465_2018_0042_lib307462_6275_1_2.fastq.gz",EndLESS,Netherlands,Lelystad,Illumina_sequencing,V5_V6,F784 - R1064,[AG]GGATTAGATACCC,CGAC[AG][AG]CCATGCA[ACGT]CACCT,broiler,11329,Digesta,55,yes,pen_7,195,H7K3IL,36_days,Ileum,m,Low_fermentative,Low_fermentativeH7K3IL
H8K3IL,TCATTCCG,3,P,"NG-18465_2018_0042_lib307462_6275_1_1.fastq.gz, NG-18465_2018_0042_lib307462_6275_1_2.fastq.gz",EndLESS,Netherlands,Lelystad,Illumina_sequencing,V5_V6,F784 - R1064,[AG]GGATTAGATACCC,CGAC[AG][AG]CCATGCA[ACGT]CACCT,broiler,11331,Digesta,56,yes,pen_8,196,H8K3IL,36_days,Ileum,v,High_fermentative,High_fermentativeH8K3IL
H1K4IL,TCCGTATA,3,P,"NG-18465_2018_0042_lib307462_6275_1_1.fastq.gz, NG-18465_2018_0042_lib307462_6275_1_2.fastq.gz",EndLESS,Netherlands,Lelystad,Illumina_sequencing,V5_V6,F784 - R1064,[AG]GGATTAGATACCC,CGAC[AG][AG]CCATGCA[ACGT]CACCT,broiler,11318,Digesta,57,yes,pen_1,197,H1K4IL,36_days,Ileum,v,Low_fermentative,Low_fermentativeH1K4IL
H2K4IL,TCCTCCGC,3,P,"NG-18465_2018_0042_lib307462_6275_1_1.fastq.gz, NG-18465_2018_0042_lib307462_6275_1_2.fastq.gz",EndLESS,Netherlands,Lelystad,Illumina_sequencing,V5_V6,F784 - R1064,[AG]GGATTAGATACCC,CGAC[AG][AG]CCATGCA[ACGT]CACCT,broiler,11320,Digesta,58,yes,pen_2,198,H2K4IL,36_days,Ileum,m,Low_fermentative,Low_fermentativeH2K4IL
H3K4IL,TCGAATAA,3,P,"NG-18465_2018_0042_lib307462_6275_1_1.fastq.gz, NG-18465_2018_0042_lib307462_6275_1_2.fastq.gz",EndLESS,Netherlands,Lelystad,Illumina_sequencing,V5_V6,F784 - R1064,[AG]GGATTAGATACCC,CGAC[AG][AG]CCATGCA[ACGT]CACCT,broiler,11322,Digesta,59,yes,pen_3,199,H3K4IL,36_days,Ileum,v,High_fermentative,High_fermentativeH3K4IL
H4K4IL,TCGATATT,3,P,"NG-18465_2018_0042_lib307462_6275_1_1.fastq.gz, NG-18465_2018_0042_lib307462_6275_1_2.fastq.gz",EndLESS,Netherlands,Lelystad,Illumina_sequencing,V5_V6,F784 - R1064,[AG]GGATTAGATACCC,CGAC[AG][AG]CCATGCA[ACGT]CACCT,broiler,11324,Digesta,60,yes,pen_4,200,H4K4IL,36_days,Ileum,v,High_fermentative,High_fermentativeH4K4IL
H5K4IL,TCTATTCG,3,P,"NG-18465_2018_0042_lib307462_6275_1_1.fastq.gz, NG-18465_2018_0042_lib307462_6275_1_2.fastq.gz",EndLESS,Netherlands,Lelystad,Illumina_sequencing,V5_V6,F784 - R1064,[AG]GGATTAGATACCC,CGAC[AG][AG]CCATGCA[ACGT]CACCT,broiler,11326,Digesta,61,yes,pen_5,201,H5K4IL,36_days,Ileum,m,High_fermentative,High_fermentativeH5K4IL
H6K4IL,TGACTCAA,3,P,"NG-18465_2018_0042_lib307462_6275_1_1.fastq.gz, NG-18465_2018_0042_lib307462_6275_1_2.fastq.gz",EndLESS,Netherlands,Lelystad,Illumina_sequencing,V5_V6,F784 - R1064,[AG]GGATTAGATACCC,CGAC[AG][AG]CCATGCA[ACGT]CACCT,broiler,11328,Digesta,62,yes,pen_6,202,H6K4IL,36_days,Ileum,m,Low_fermentative,Low_fermentativeH6K4IL
H7K4IL,TGATCTCA,3,P,"NG-18465_2018_0042_lib307462_6275_1_1.fastq.gz, NG-18465_2018_0042_lib307462_6275_1_2.fastq.gz",EndLESS,Netherlands,Lelystad,Illumina_sequencing,V5_V6,F784 - R1064,[AG]GGATTAGATACCC,CGAC[AG][AG]CCATGCA[ACGT]CACCT,broiler,11330,Digesta,63,yes,pen_7,203,H7K4IL,36_days,Ileum,v,Low_fermentative,Low_fermentativeH7K4IL
H8K4IL,TGCCTGCG,3,P,"NG-18465_2018_0042_lib307462_6275_1_1.fastq.gz, NG-18465_2018_0042_lib307462_6275_1_2.fastq.gz",EndLESS,Netherlands,Lelystad,Illumina_sequencing,V5_V6,F784 - R1064,[AG]GGATTAGATACCC,CGAC[AG][AG]CCATGCA[ACGT]CACCT,broiler,11332,Digesta,64,yes,pen_8,204,H8K4IL,36_days,Ileum,m,High_fermentative,High_fermentativeH8K4IL
H6K4CAP,TGGTAATT,3,P,"NG-18465_2018_0042_lib307462_6275_1_1.fastq.gz, NG-18465_2018_0042_lib307462_6275_1_2.fastq.gz",EndLESS,Netherlands,Lelystad,Illumina_sequencing,V5_V6,F784 - R1064,[AG]GGATTAGATACCC,CGAC[AG][AG]CCATGCA[ACGT]CACCT,broiler,11328,Digesta,65,no,pen_6,205,H6K4CAP,36_days,Caecum_piece,m,Low_fermentative,Low_fermentativeH6K4CAP
H7K4CAP,TGGTATGA,3,P,"NG-18465_2018_0042_lib307462_6275_1_1.fastq.gz, NG-18465_2018_0042_lib307462_6275_1_2.fastq.gz",EndLESS,Netherlands,Lelystad,Illumina_sequencing,V5_V6,F784 - R1064,[AG]GGATTAGATACCC,CGAC[AG][AG]CCATGCA[ACGT]CACCT,broiler,11330,Digesta,66,no,pen_7,206,H7K4CAP,36_days,Caecum_piece,v,Low_fermentative,Low_fermentativeH7K4CAP
H8K4CAP,TTAGGATG,3,P,"NG-18465_2018_0042_lib307462_6275_1_1.fastq.gz, NG-18465_2018_0042_lib307462_6275_1_2.fastq.gz",EndLESS,Netherlands,Lelystad,Illumina_sequencing,V5_V6,F784 - R1064,[AG]GGATTAGATACCC,CGAC[AG][AG]CCATGCA[ACGT]CACCT,broiler,11332,Digesta,67,no,pen_8,207,H8K4CAP,36_days,Caecum_piece,m,High_fermentative,High_fermentativeH8K4CAP
Water3,TTGACTAG,3,P,"NG-18465_2018_0042_lib307462_6275_1_1.fastq.gz, NG-18465_2018_0042_lib307462_6275_1_2.fastq.gz",EndLESS,Netherlands,Lelystad,Illumina_sequencing,V5_V6,F784 - R1064,[AG]GGATTAGATACCC,CGAC[AG][AG]CCATGCA[ACGT]CACCT,broiler,Water,Water,68,yes,Water,208,Water3,Water,Water,Water,Water,WaterWater3
Mock3.3,TTGATCCA,3,P,"NG-18465_2018_0042_lib307462_6275_1_1.fastq.gz, NG-18465_2018_0042_lib307462_6275_1_2.fastq.gz",EndLESS,Netherlands,Lelystad,Illumina_sequencing,V5_V6,F784 - R1064,[AG]GGATTAGATACCC,CGAC[AG][AG]CCATGCA[ACGT]CACCT,broiler,Mock3,Mock3,69,yes,Mock3,209,Mock3.3,Mock3,Mock3,Mock3,Mock3,Mock3Mock3.3
Mock4.3,TTGCATAT,3,P,"NG-18465_2018_0042_lib307462_6275_1_1.fastq.gz, NG-18465_2018_0042_lib307462_6275_1_2.fastq.gz",EndLESS,Netherlands,Lelystad,Illumina_sequencing,V5_V6,F784 - R1064,[AG]GGATTAGATACCC,CGAC[AG][AG]CCATGCA[ACGT]CACCT,broiler,Mock4,Mock4,70,yes,Mock4,210,Mock4.3,Mock4,Mock4,Mock4,Mock4,Mock4Mock4.3
Mock3.4,CTCAGTCT,4,P,"NG-17641_2018_0027_lib291605_6150_1_1.fastq.gz, NG-17641_2018_0027_lib291605_6150_1_2.fastq.gz",EndLESS,Netherlands,Lelystad,Illumina_sequencing,V5_V6,F784 - R1064,[AG]GGATTAGATACCC,CGAC[AG][AG]CCATGCA[ACGT]CACCT,broiler,Mock3,Mock3,31,yes,Mock3,211,Mock3.4,Mock3,Mock3,Mock3,Mock3,Mock3Mock3.4
Mock4.4,CTCGCGTA,4,P,"NG-17641_2018_0027_lib291605_6150_1_1.fastq.gz, NG-17641_2018_0027_lib291605_6150_1_2.fastq.gz",EndLESS,Netherlands,Lelystad,Illumina_sequencing,V5_V6,F784 - R1064,[AG]GGATTAGATACCC,CGAC[AG][AG]CCATGCA[ACGT]CACCT,broiler,Mock4,Mock4,32,yes,Mock4,212,Mock4.4,Mock4,Mock4,Mock4,Mock4,Mock4Mock4.4
Water4,GAACTAAG,4,P,"NG-17641_2018_0027_lib291605_6150_1_1.fastq.gz, NG-17641_2018_0027_lib291605_6150_1_2.fastq.gz",EndLESS,Netherlands,Lelystad,Illumina_sequencing,V5_V6,F784 - R1064,[AG]GGATTAGATACCC,CGAC[AG][AG]CCATGCA[ACGT]CACCT,broiler,Water,Water,38,yes,Water,213,Water4,Water,Water,Water,Water,WaterWater4
H1K1JE,GAAGCTCG,4,P,"NG-17641_2018_0027_lib291605_6150_1_1.fastq.gz, NG-17641_2018_0027_lib291605_6150_1_2.fastq.gz",EndLESS,Netherlands,Lelystad,Illumina_sequencing,V5_V6,F784 - R1064,[AG]GGATTAGATACCC,CGAC[AG][AG]CCATGCA[ACGT]CACCT,broiler,11301,Digesta,39,yes,pen_1,214,H1K1JE,36_days,Jejunum,m,Low_fermentative,Low_fermentativeH1K1JE
H2K1JE,GAGTTATA,4,P,"NG-17641_2018_0027_lib291605_6150_1_1.fastq.gz, NG-17641_2018_0027_lib291605_6150_1_2.fastq.gz",EndLESS,Netherlands,Lelystad,Illumina_sequencing,V5_V6,F784 - R1064,[AG]GGATTAGATACCC,CGAC[AG][AG]CCATGCA[ACGT]CACCT,broiler,11303,Digesta,40,yes,pen_2,215,H2K1JE,36_days,Jejunum,m,Low_fermentative,Low_fermentativeH2K1JE
H3K1JE,GATGAATG,4,P,"NG-17641_2018_0027_lib291605_6150_1_1.fastq.gz, NG-17641_2018_0027_lib291605_6150_1_2.fastq.gz",EndLESS,Netherlands,Lelystad,Illumina_sequencing,V5_V6,F784 - R1064,[AG]GGATTAGATACCC,CGAC[AG][AG]CCATGCA[ACGT]CACCT,broiler,11305,Digesta,41,yes,pen_3,216,H3K1JE,36_days,Jejunum,v,High_fermentative,High_fermentativeH3K1JE
H4K1JE,GATGATAA,4,P,"NG-17641_2018_0027_lib291605_6150_1_1.fastq.gz, NG-17641_2018_0027_lib291605_6150_1_2.fastq.gz",EndLESS,Netherlands,Lelystad,Illumina_sequencing,V5_V6,F784 - R1064,[AG]GGATTAGATACCC,CGAC[AG][AG]CCATGCA[ACGT]CACCT,broiler,11307,Digesta,42,yes,pen_4,217,H4K1JE,36_days,Jejunum,m,High_fermentative,High_fermentativeH4K1JE
H5K1JE,GATGCGCT,4,P,"NG-17641_2018_0027_lib291605_6150_1_1.fastq.gz, NG-17641_2018_0027_lib291605_6150_1_2.fastq.gz",EndLESS,Netherlands,Lelystad,Illumina_sequencing,V5_V6,F784 - R1064,[AG]GGATTAGATACCC,CGAC[AG][AG]CCATGCA[ACGT]CACCT,broiler,11309,Digesta,43,yes,pen_5,218,H5K1JE,36_days,Jejunum,m,High_fermentative,High_fermentativeH5K1JE
H6K1JE,GCCAGGTT,4,P,"NG-17641_2018_0027_lib291605_6150_1_1.fastq.gz, NG-17641_2018_0027_lib291605_6150_1_2.fastq.gz",EndLESS,Netherlands,Lelystad,Illumina_sequencing,V5_V6,F784 - R1064,[AG]GGATTAGATACCC,CGAC[AG][AG]CCATGCA[ACGT]CACCT,broiler,11311,Digesta,44,yes,pen_6,219,H6K1JE,36_days,Jejunum,v,Low_fermentative,Low_fermentativeH6K1JE
H7K1JE,GCCTTAAG,4,P,"NG-17641_2018_0027_lib291605_6150_1_1.fastq.gz, NG-17641_2018_0027_lib291605_6150_1_2.fastq.gz",EndLESS,Netherlands,Lelystad,Illumina_sequencing,V5_V6,F784 - R1064,[AG]GGATTAGATACCC,CGAC[AG][AG]CCATGCA[ACGT]CACCT,broiler,11313,Digesta,45,yes,pen_7,220,H7K1JE,36_days,Jejunum,m,Low_fermentative,Low_fermentativeH7K1JE
H8K1JE,GCTAATCT,4,P,"NG-17641_2018_0027_lib291605_6150_1_1.fastq.gz, NG-17641_2018_0027_lib291605_6150_1_2.fastq.gz",EndLESS,Netherlands,Lelystad,Illumina_sequencing,V5_V6,F784 - R1064,[AG]GGATTAGATACCC,CGAC[AG][AG]CCATGCA[ACGT]CACCT,broiler,11315,Digesta,46,yes,pen_8,221,H8K1JE,36_days,Jejunum,m,High_fermentative,High_fermentativeH8K1JE
H1K2JE,GGAGCGCA,4,P,"NG-17641_2018_0027_lib291605_6150_1_1.fastq.gz, NG-17641_2018_0027_lib291605_6150_1_2.fastq.gz",EndLESS,Netherlands,Lelystad,Illumina_sequencing,V5_V6,F784 - R1064,[AG]GGATTAGATACCC,CGAC[AG][AG]CCATGCA[ACGT]CACCT,broiler,11302,Digesta,47,yes,pen_1,222,H1K2JE,36_days,Jejunum,v,Low_fermentative,Low_fermentativeH1K2JE
H2K2JE,GGAGTATG,4,P,"NG-17641_2018_0027_lib291605_6150_1_1.fastq.gz, NG-17641_2018_0027_lib291605_6150_1_2.fastq.gz",EndLESS,Netherlands,Lelystad,Illumina_sequencing,V5_V6,F784 - R1064,[AG]GGATTAGATACCC,CGAC[AG][AG]CCATGCA[ACGT]CACCT,broiler,11304,Digesta,48,yes,pen_2,223,H2K2JE,36_days,Jejunum,v,Low_fermentative,Low_fermentativeH2K2JE
H3K2JE,GGTACCAA,4,P,"NG-17641_2018_0027_lib291605_6150_1_1.fastq.gz, NG-17641_2018_0027_lib291605_6150_1_2.fastq.gz",EndLESS,Netherlands,Lelystad,Illumina_sequencing,V5_V6,F784 - R1064,[AG]GGATTAGATACCC,CGAC[AG][AG]CCATGCA[ACGT]CACCT,broiler,11306,Digesta,49,yes,pen_3,224,H3K2JE,36_days,Jejunum,m,High_fermentative,High_fermentativeH3K2JE
H4K2JE,GGTAGAAT,4,P,"NG-17641_2018_0027_lib291605_6150_1_1.fastq.gz, NG-17641_2018_0027_lib291605_6150_1_2.fastq.gz",EndLESS,Netherlands,Lelystad,Illumina_sequencing,V5_V6,F784 - R1064,[AG]GGATTAGATACCC,CGAC[AG][AG]CCATGCA[ACGT]CACCT,broiler,11308,Digesta,50,yes,pen_4,225,H4K2JE,36_days,Jejunum,v,High_fermentative,High_fermentativeH4K2JE
H5K2JE,GTCCGCAA,4,P,"NG-17641_2018_0027_lib291605_6150_1_1.fastq.gz, NG-17641_2018_0027_lib291605_6150_1_2.fastq.gz",EndLESS,Netherlands,Lelystad,Illumina_sequencing,V5_V6,F784 - R1064,[AG]GGATTAGATACCC,CGAC[AG][AG]CCATGCA[ACGT]CACCT,broiler,11310,Digesta,51,yes,pen_5,226,H5K2JE,36_days,Jejunum,v,High_fermentative,High_fermentativeH5K2JE
H6K2JE,GTTAAGTT,4,P,"NG-17641_2018_0027_lib291605_6150_1_1.fastq.gz, NG-17641_2018_0027_lib291605_6150_1_2.fastq.gz",EndLESS,Netherlands,Lelystad,Illumina_sequencing,V5_V6,F784 - R1064,[AG]GGATTAGATACCC,CGAC[AG][AG]CCATGCA[ACGT]CACCT,broiler,11312,Digesta,52,yes,pen_6,227,H6K2JE,36_days,Jejunum,m,Low_fermentative,Low_fermentativeH6K2JE
H7K2JE,GTTCTACG,4,P,"NG-17641_2018_0027_lib291605_6150_1_1.fastq.gz, NG-17641_2018_0027_lib291605_6150_1_2.fastq.gz",EndLESS,Netherlands,Lelystad,Illumina_sequencing,V5_V6,F784 - R1064,[AG]GGATTAGATACCC,CGAC[AG][AG]CCATGCA[ACGT]CACCT,broiler,11314,Digesta,53,yes,pen_7,228,H7K2JE,36_days,Jejunum,v,Low_fermentative,Low_fermentativeH7K2JE
H8K2JE,TATTGCGC,4,P,"NG-17641_2018_0027_lib291605_6150_1_1.fastq.gz, NG-17641_2018_0027_lib291605_6150_1_2.fastq.gz",EndLESS,Netherlands,Lelystad,Illumina_sequencing,V5_V6,F784 - R1064,[AG]GGATTAGATACCC,CGAC[AG][AG]CCATGCA[ACGT]CACCT,broiler,11316,Digesta,54,yes,pen_8,229,H8K2JE,36_days,Jejunum,v,High_fermentative,High_fermentativeH8K2JE
H1K3JE,TCAGCGAG,4,P,"NG-17641_2018_0027_lib291605_6150_1_1.fastq.gz, NG-17641_2018_0027_lib291605_6150_1_2.fastq.gz",EndLESS,Netherlands,Lelystad,Illumina_sequencing,V5_V6,F784 - R1064,[AG]GGATTAGATACCC,CGAC[AG][AG]CCATGCA[ACGT]CACCT,broiler,11317,Digesta,55,yes,pen_1,230,H1K3JE,36_days,Jejunum,m,Low_fermentative,Low_fermentativeH1K3JE
H2K3JE,TCATTCCG,4,P,"NG-17641_2018_0027_lib291605_6150_1_1.fastq.gz, NG-17641_2018_0027_lib291605_6150_1_2.fastq.gz",EndLESS,Netherlands,Lelystad,Illumina_sequencing,V5_V6,F784 - R1064,[AG]GGATTAGATACCC,CGAC[AG][AG]CCATGCA[ACGT]CACCT,broiler,11319,Digesta,56,yes,pen_2,231,H2K3JE,36_days,Jejunum,v,Low_fermentative,Low_fermentativeH2K3JE
H3K3JE,TCCGTATA,4,P,"NG-17641_2018_0027_lib291605_6150_1_1.fastq.gz, NG-17641_2018_0027_lib291605_6150_1_2.fastq.gz",EndLESS,Netherlands,Lelystad,Illumina_sequencing,V5_V6,F784 - R1064,[AG]GGATTAGATACCC,CGAC[AG][AG]CCATGCA[ACGT]CACCT,broiler,11321,Digesta,57,yes,pen_3,232,H3K3JE,36_days,Jejunum,m,High_fermentative,High_fermentativeH3K3JE
H4K3JE,TCCTCCGC,4,P,"NG-17641_2018_0027_lib291605_6150_1_1.fastq.gz, NG-17641_2018_0027_lib291605_6150_1_2.fastq.gz",EndLESS,Netherlands,Lelystad,Illumina_sequencing,V5_V6,F784 - R1064,[AG]GGATTAGATACCC,CGAC[AG][AG]CCATGCA[ACGT]CACCT,broiler,11323,Digesta,58,yes,pen_4,233,H4K3JE,36_days,Jejunum,m,High_fermentative,High_fermentativeH4K3JE
H5K3JE,TCGAATAA,4,P,"NG-17641_2018_0027_lib291605_6150_1_1.fastq.gz, NG-17641_2018_0027_lib291605_6150_1_2.fastq.gz",EndLESS,Netherlands,Lelystad,Illumina_sequencing,V5_V6,F784 - R1064,[AG]GGATTAGATACCC,CGAC[AG][AG]CCATGCA[ACGT]CACCT,broiler,11325,Digesta,59,yes,pen_5,234,H5K3JE,36_days,Jejunum,v,High_fermentative,High_fermentativeH5K3JE
H6K3JE,TCGATATT,4,P,"NG-17641_2018_0027_lib291605_6150_1_1.fastq.gz, NG-17641_2018_0027_lib291605_6150_1_2.fastq.gz",EndLESS,Netherlands,Lelystad,Illumina_sequencing,V5_V6,F784 - R1064,[AG]GGATTAGATACCC,CGAC[AG][AG]CCATGCA[ACGT]CACCT,broiler,11327,Digesta,60,yes,pen_6,235,H6K3JE,36_days,Jejunum,v,Low_fermentative,Low_fermentativeH6K3JE
H7K3JE,TCTATTCG,4,P,"NG-17641_2018_0027_lib291605_6150_1_1.fastq.gz, NG-17641_2018_0027_lib291605_6150_1_2.fastq.gz",EndLESS,Netherlands,Lelystad,Illumina_sequencing,V5_V6,F784 - R1064,[AG]GGATTAGATACCC,CGAC[AG][AG]CCATGCA[ACGT]CACCT,broiler,11329,Digesta,61,yes,pen_7,236,H7K3JE,36_days,Jejunum,m,Low_fermentative,Low_fermentativeH7K3JE
H8K3JE,TGACTCAA,4,P,"NG-17641_2018_0027_lib291605_6150_1_1.fastq.gz, NG-17641_2018_0027_lib291605_6150_1_2.fastq.gz",EndLESS,Netherlands,Lelystad,Illumina_sequencing,V5_V6,F784 - R1064,[AG]GGATTAGATACCC,CGAC[AG][AG]CCATGCA[ACGT]CACCT,broiler,11331,Digesta,62,yes,pen_8,237,H8K3JE,36_days,Jejunum,v,High_fermentative,High_fermentativeH8K3JE
H1K4JE,TGATCTCA,4,P,"NG-17641_2018_0027_lib291605_6150_1_1.fastq.gz, NG-17641_2018_0027_lib291605_6150_1_2.fastq.gz",EndLESS,Netherlands,Lelystad,Illumina_sequencing,V5_V6,F784 - R1064,[AG]GGATTAGATACCC,CGAC[AG][AG]CCATGCA[ACGT]CACCT,broiler,11318,Digesta,63,yes,pen_1,238,H1K4JE,36_days,Jejunum,v,Low_fermentative,Low_fermentativeH1K4JE
H2K4JE,TGCCTGCG,4,P,"NG-17641_2018_0027_lib291605_6150_1_1.fastq.gz, NG-17641_2018_0027_lib291605_6150_1_2.fastq.gz",EndLESS,Netherlands,Lelystad,Illumina_sequencing,V5_V6,F784 - R1064,[AG]GGATTAGATACCC,CGAC[AG][AG]CCATGCA[ACGT]CACCT,broiler,11320,Digesta,64,yes,pen_2,239,H2K4JE,36_days,Jejunum,m,Low_fermentative,Low_fermentativeH2K4JE
H3K4JE,TGGTAATT,4,P,"NG-17641_2018_0027_lib291605_6150_1_1.fastq.gz, NG-17641_2018_0027_lib291605_6150_1_2.fastq.gz",EndLESS,Netherlands,Lelystad,Illumina_sequencing,V5_V6,F784 - R1064,[AG]GGATTAGATACCC,CGAC[AG][AG]CCATGCA[ACGT]CACCT,broiler,11322,Digesta,65,yes,pen_3,240,H3K4JE,36_days,Jejunum,v,High_fermentative,High_fermentativeH3K4JE
H4K4JE,TGGTATGA,4,P,"NG-17641_2018_0027_lib291605_6150_1_1.fastq.gz, NG-17641_2018_0027_lib291605_6150_1_2.fastq.gz",EndLESS,Netherlands,Lelystad,Illumina_sequencing,V5_V6,F784 - R1064,[AG]GGATTAGATACCC,CGAC[AG][AG]CCATGCA[ACGT]CACCT,broiler,11324,Digesta,66,yes,pen_4,241,H4K4JE,36_days,Jejunum,v,High_fermentative,High_fermentativeH4K4JE
H5K4JE,TTAGGATG,4,P,"NG-17641_2018_0027_lib291605_6150_1_1.fastq.gz, NG-17641_2018_0027_lib291605_6150_1_2.fastq.gz",EndLESS,Netherlands,Lelystad,Illumina_sequencing,V5_V6,F784 - R1064,[AG]GGATTAGATACCC,CGAC[AG][AG]CCATGCA[ACGT]CACCT,broiler,11326,Digesta,67,yes,pen_5,242,H5K4JE,36_days,Jejunum,m,High_fermentative,High_fermentativeH5K4JE
H6K4JE,TTGACTAG,4,P,"NG-17641_2018_0027_lib291605_6150_1_1.fastq.gz, NG-17641_2018_0027_lib291605_6150_1_2.fastq.gz",EndLESS,Netherlands,Lelystad,Illumina_sequencing,V5_V6,F784 - R1064,[AG]GGATTAGATACCC,CGAC[AG][AG]CCATGCA[ACGT]CACCT,broiler,11328,Digesta,68,yes,pen_6,243,H6K4JE,36_days,Jejunum,m,Low_fermentative,Low_fermentativeH6K4JE
H7K4JE,TTGATCCA,4,P,"NG-17641_2018_0027_lib291605_6150_1_1.fastq.gz, NG-17641_2018_0027_lib291605_6150_1_2.fastq.gz",EndLESS,Netherlands,Lelystad,Illumina_sequencing,V5_V6,F784 - R1064,[AG]GGATTAGATACCC,CGAC[AG][AG]CCATGCA[ACGT]CACCT,broiler,11330,Digesta,69,yes,pen_7,244,H7K4JE,36_days,Jejunum,v,Low_fermentative,Low_fermentativeH7K4JE
H8K4JE,TTGCATAT,4,P,"NG-17641_2018_0027_lib291605_6150_1_1.fastq.gz, NG-17641_2018_0027_lib291605_6150_1_2.fastq.gz",EndLESS,Netherlands,Lelystad,Illumina_sequencing,V5_V6,F784 - R1064,[AG]GGATTAGATACCC,CGAC[AG][AG]CCATGCA[ACGT]CACCT,broiler,11332,Digesta,70,yes,pen_8,245,H8K4JE,36_days,Jejunum,m,High_fermentative,High_fermentativeH8K4JE
Mock3.5,CTCAGTCT,5,P,"NG-20818_2019_0028_lib340877_6476_2_1.fastq.gz, NG-20818_2019_0028_lib340877_6476_2_2.fastq.gz",EndLESS,Netherlands,Lelystad,Illumina_sequencing,V5_V6,F784 - R1064,[AG]GGATTAGATACCC,CGAC[AG][AG]CCATGCA[ACGT]CACCT,broiler,Mock3,Mock3,31,yes,Mock3,246,Mock3.5,Mock3,Mock3,Mock3,Mock3,Mock3Mock3.5
Mock4.5,CTCGCGTA,5,P,"NG-20818_2019_0028_lib340877_6476_2_1.fastq.gz, NG-20818_2019_0028_lib340877_6476_2_2.fastq.gz",EndLESS,Netherlands,Lelystad,Illumina_sequencing,V5_V6,F784 - R1064,[AG]GGATTAGATACCC,CGAC[AG][AG]CCATGCA[ACGT]CACCT,broiler,Mock4,Mock4,32,yes,Mock4,247,Mock4.5,Mock4,Mock4,Mock4,Mock4,Mock4Mock4.5
strooisel1,GCCAGGTT,5,P,"NG-20818_2019_0028_lib340877_6476_2_1.fastq.gz, NG-20818_2019_0028_lib340877_6476_2_2.fastq.gz",EndLESS,Netherlands,Lelystad,Illumina_sequencing,V5_V6,F784 - R1064,[AG]GGATTAGATACCC,CGAC[AG][AG]CCATGCA[ACGT]CACCT,broiler,NA,Strooisel,44,yes,pen_3,248,strooisel1,13_dec_17,Strooisel,Strooisel,High_fermentative,High_fermentativestrooisel1
strooisel2,GCCTTAAG,5,P,"NG-20818_2019_0028_lib340877_6476_2_1.fastq.gz, NG-20818_2019_0028_lib340877_6476_2_2.fastq.gz",EndLESS,Netherlands,Lelystad,Illumina_sequencing,V5_V6,F784 - R1064,[AG]GGATTAGATACCC,CGAC[AG][AG]CCATGCA[ACGT]CACCT,broiler,NA,Strooisel,45,yes,pen_2,249,strooisel2,13_dec_17,Strooisel,Strooisel,Low_fermentative,Low_fermentativestrooisel2
strooisel3,GCTAATCT,5,P,"NG-20818_2019_0028_lib340877_6476_2_1.fastq.gz, NG-20818_2019_0028_lib340877_6476_2_2.fastq.gz",EndLESS,Netherlands,Lelystad,Illumina_sequencing,V5_V6,F784 - R1064,[AG]GGATTAGATACCC,CGAC[AG][AG]CCATGCA[ACGT]CACCT,broiler,NA,Strooisel,46,yes,pen_4,250,strooisel3,13_dec_17,Strooisel,Strooisel,High_fermentative,High_fermentativestrooisel3
strooisel4,GGAGCGCA,5,P,"NG-20818_2019_0028_lib340877_6476_2_1.fastq.gz, NG-20818_2019_0028_lib340877_6476_2_2.fastq.gz",EndLESS,Netherlands,Lelystad,Illumina_sequencing,V5_V6,F784 - R1064,[AG]GGATTAGATACCC,CGAC[AG][AG]CCATGCA[ACGT]CACCT,broiler,NA,Strooisel,47,yes,pen_6,251,strooisel4,13_dec_17,Strooisel,Strooisel,Low_fermentative,Low_fermentativestrooisel4
strooisel5,GGAGTATG,5,P,"NG-20818_2019_0028_lib340877_6476_2_1.fastq.gz, NG-20818_2019_0028_lib340877_6476_2_2.fastq.gz",EndLESS,Netherlands,Lelystad,Illumina_sequencing,V5_V6,F784 - R1064,[AG]GGATTAGATACCC,CGAC[AG][AG]CCATGCA[ACGT]CACCT,broiler,NA,Strooisel,48,yes,pen_7,252,strooisel5,13_dec_17,Strooisel,Strooisel,Low_fermentative,Low_fermentativestrooisel5
strooisel6,GGTACCAA,5,P,"NG-20818_2019_0028_lib340877_6476_2_1.fastq.gz, NG-20818_2019_0028_lib340877_6476_2_2.fastq.gz",EndLESS,Netherlands,Lelystad,Illumina_sequencing,V5_V6,F784 - R1064,[AG]GGATTAGATACCC,CGAC[AG][AG]CCATGCA[ACGT]CACCT,broiler,NA,Strooisel,49,yes,pen_5,253,strooisel6,13_dec_17,Strooisel,Strooisel,High_fermentative,High_fermentativestrooisel6
strooisel7,GGTAGAAT,5,P,"NG-20818_2019_0028_lib340877_6476_2_1.fastq.gz, NG-20818_2019_0028_lib340877_6476_2_2.fastq.gz",EndLESS,Netherlands,Lelystad,Illumina_sequencing,V5_V6,F784 - R1064,[AG]GGATTAGATACCC,CGAC[AG][AG]CCATGCA[ACGT]CACCT,broiler,NA,Strooisel,50,yes,pen_8,254,strooisel7,13_dec_17,Strooisel,Strooisel,High_fermentative,High_fermentativestrooisel7
strooisel8,GTCCGCAA,5,P,"NG-20818_2019_0028_lib340877_6476_2_1.fastq.gz, NG-20818_2019_0028_lib340877_6476_2_2.fastq.gz",EndLESS,Netherlands,Lelystad,Illumina_sequencing,V5_V6,F784 - R1064,[AG]GGATTAGATACCC,CGAC[AG][AG]CCATGCA[ACGT]CACCT,broiler,NA,Strooisel,51,yes,pen_1,255,strooisel8,13_dec_17,Strooisel,Strooisel,Low_fermentative,Low_fermentativestrooisel8
strooisel9,GTTAAGTT,5,P,"NG-20818_2019_0028_lib340877_6476_2_1.fastq.gz, NG-20818_2019_0028_lib340877_6476_2_2.fastq.gz",EndLESS,Netherlands,Lelystad,Illumina_sequencing,V5_V6,F784 - R1064,[AG]GGATTAGATACCC,CGAC[AG][AG]CCATGCA[ACGT]CACCT,broiler,NA,Strooisel,52,yes,pen_1,256,strooisel9,20_dec_17,Strooisel,Strooisel,Low_fermentative,Low_fermentativestrooisel9
strooisel10,GTTCTACG,5,P,"NG-20818_2019_0028_lib340877_6476_2_1.fastq.gz, NG-20818_2019_0028_lib340877_6476_2_2.fastq.gz",EndLESS,Netherlands,Lelystad,Illumina_sequencing,V5_V6,F784 - R1064,[AG]GGATTAGATACCC,CGAC[AG][AG]CCATGCA[ACGT]CACCT,broiler,NA,Strooisel,53,yes,pen_2,257,strooisel10,20_dec_17,Strooisel,Strooisel,Low_fermentative,Low_fermentativestrooisel10
strooisel11,TATTGCGC,5,P,"NG-20818_2019_0028_lib340877_6476_2_1.fastq.gz, NG-20818_2019_0028_lib340877_6476_2_2.fastq.gz",EndLESS,Netherlands,Lelystad,Illumina_sequencing,V5_V6,F784 - R1064,[AG]GGATTAGATACCC,CGAC[AG][AG]CCATGCA[ACGT]CACCT,broiler,NA,Strooisel,54,yes,pen_3,258,strooisel11,20_dec_17,Strooisel,Strooisel,High_fermentative,High_fermentativestrooisel11
strooisel12,TCAGCGAG,5,P,"NG-20818_2019_0028_lib340877_6476_2_1.fastq.gz, NG-20818_2019_0028_lib340877_6476_2_2.fastq.gz",EndLESS,Netherlands,Lelystad,Illumina_sequencing,V5_V6,F784 - R1064,[AG]GGATTAGATACCC,CGAC[AG][AG]CCATGCA[ACGT]CACCT,broiler,NA,Strooisel,55,yes,pen_4,259,strooisel12,20_dec_17,Strooisel,Strooisel,High_fermentative,High_fermentativestrooisel12
strooisel13,TCATTCCG,5,P,"NG-20818_2019_0028_lib340877_6476_2_1.fastq.gz, NG-20818_2019_0028_lib340877_6476_2_2.fastq.gz",EndLESS,Netherlands,Lelystad,Illumina_sequencing,V5_V6,F784 - R1064,[AG]GGATTAGATACCC,CGAC[AG][AG]CCATGCA[ACGT]CACCT,broiler,NA,Strooisel,56,yes,pen_5,260,strooisel13,20_dec_17,Strooisel,Strooisel,High_fermentative,High_fermentativestrooisel13
strooisel14,TCCGTATA,5,P,"NG-20818_2019_0028_lib340877_6476_2_1.fastq.gz, NG-20818_2019_0028_lib340877_6476_2_2.fastq.gz",EndLESS,Netherlands,Lelystad,Illumina_sequencing,V5_V6,F784 - R1064,[AG]GGATTAGATACCC,CGAC[AG][AG]CCATGCA[ACGT]CACCT,broiler,NA,Strooisel,57,yes,pen_6,261,strooisel14,20_dec_17,Strooisel,Strooisel,Low_fermentative,Low_fermentativestrooisel14
strooisel15,TCCTCCGC,5,P,"NG-20818_2019_0028_lib340877_6476_2_1.fastq.gz, NG-20818_2019_0028_lib340877_6476_2_2.fastq.gz",EndLESS,Netherlands,Lelystad,Illumina_sequencing,V5_V6,F784 - R1064,[AG]GGATTAGATACCC,CGAC[AG][AG]CCATGCA[ACGT]CACCT,broiler,NA,Strooisel,58,yes,pen_7,262,strooisel15,20_dec_17,Strooisel,Strooisel,Low_fermentative,Low_fermentativestrooisel15
strooisel16,TCGAATAA,5,P,"NG-20818_2019_0028_lib340877_6476_2_1.fastq.gz, NG-20818_2019_0028_lib340877_6476_2_2.fastq.gz",EndLESS,Netherlands,Lelystad,Illumina_sequencing,V5_V6,F784 - R1064,[AG]GGATTAGATACCC,CGAC[AG][AG]CCATGCA[ACGT]CACCT,broiler,NA,Strooisel,59,yes,pen_8,263,strooisel16,20_dec_17,Strooisel,Strooisel,High_fermentative,High_fermentativestrooisel16
