#SampleID,BarcodeSequence,LibraryNumber,LibraryName,ProjectName,16S_region,primers,Pen,Feed,PenNr
0602.ISO4.CA.1,AGTCGCGC,1,2017_0055,FIRM2,V5_V6,784F-1064R,1,A,Pen1
0607.ISO4.CA.1,AGTTATGC,1,2017_0055,FIRM2,V5_V6,784F-1064R,1,A,Pen1
0612.ISO4.CA.1,ATATCCGC,1,2017_0055,FIRM2,V5_V6,784F-1064R,1,A,Pen1
0617.ISO4.CA.1,ATGCCGGA,1,2017_0055,FIRM2,V5_V6,784F-1064R,1,A,Pen1
0627.ISO4.CA.1,ATGCGATT,1,2017_0055,FIRM2,V5_V6,784F-1064R,1,A,Pen1
0632.ISO4.CA.1,CAACCTCT,1,2017_0055,FIRM2,V5_V6,784F-1064R,1,A,Pen1
0642.ISO4.CA.1,CAACGAGG,1,2017_0055,FIRM2,V5_V6,784F-1064R,1,A,Pen1
0003.ISO5.CA.1,GAACGTAT,1,2017_0055,FIRM2,V5_V6,784F-1064R,3,B,Pen3
0008.ISO5.CA.1,GAACTAAG,1,2017_0055,FIRM2,V5_V6,784F-1064R,3,B,Pen3
0018.ISO5.CA.1,GAAGCTCG,1,2017_0055,FIRM2,V5_V6,784F-1064R,3,B,Pen3
0028.ISO5.CA.1,GAGTTATA,1,2017_0055,FIRM2,V5_V6,784F-1064R,3,B,Pen3
0033.ISO5.CA.1,GATGAATG,1,2017_0055,FIRM2,V5_V6,784F-1064R,3,B,Pen3
0038.ISO5.CA.1,GATGATAA,1,2017_0055,FIRM2,V5_V6,784F-1064R,3,B,Pen3
0043.ISO5.CA.1,GATGCGCT,1,2017_0055,FIRM2,V5_V6,784F-1064R,3,B,Pen3
0603.ISO6.CA.1,TCCTCCGC,1,2017_0055,FIRM2,V5_V6,784F-1064R,2,A,Pen2
0608.ISO6.CA.1,TCGAATAA,1,2017_0055,FIRM2,V5_V6,784F-1064R,2,A,Pen2
0613.ISO6.CA.1,TCGATATT,1,2017_0055,FIRM2,V5_V6,784F-1064R,2,A,Pen2
0618.ISO6.CA.1,TCTATTCG,1,2017_0055,FIRM2,V5_V6,784F-1064R,2,A,Pen2
0623.ISO6.CA.1,TGACTCAA,1,2017_0055,FIRM2,V5_V6,784F-1064R,2,A,Pen2
0628.ISO6.CA.1,TGATCTCA,1,2017_0055,FIRM2,V5_V6,784F-1064R,2,A,Pen2
0633.ISO6.CA.1,TGCCTGCG,1,2017_0055,FIRM2,V5_V6,784F-1064R,2,A,Pen2
0004.ISO7.CA.1,AACCATGC,2,2017_0056,FIRM2,V5_V6,784F-1064R,4,B,Pen4
0009.ISO7.CA.1,AACGGCGC,2,2017_0056,FIRM2,V5_V6,784F-1064R,4,B,Pen4
0019.ISO7.CA.1,AAGGAGCG,2,2017_0056,FIRM2,V5_V6,784F-1064R,4,B,Pen4
0024.ISO7.CA.1,ACCAATTA,2,2017_0056,FIRM2,V5_V6,784F-1064R,4,B,Pen4
0029.ISO7.CA.1,ACCGGAAT,2,2017_0056,FIRM2,V5_V6,784F-1064R,4,B,Pen4
0034.ISO7.CA.1,ACGCTCGC,2,2017_0056,FIRM2,V5_V6,784F-1064R,4,B,Pen4
0039.ISO7.CA.1,AGACCTGC,2,2017_0056,FIRM2,V5_V6,784F-1064R,4,B,Pen4
